id,nombre,domicilio,telefono,email,web,tipo,calle,altura,direccion,long,lat,geometry
4,562 Nogaro,"Roca, Julio A., Presidente Diagonal Sur Av. 562",4331-0091,reservas@562nogarohotel.com,,4 Estrellas,"Roca, Julio A., Presidente Diagonal Sur Av.",562,"Roca, Julio A., Presidente Diagonal Sur Av. 562",-58.37421350241789,-34.60998424490044,POINT (-58.37421350241789 -34.60998424490044)
5,725 Continental Hotel,"Saenz Peña, Roque, Pres. Diagonal Norte Av. 725",4131-8000,reservas@725continental.com,,5 Estrellas,"Saenz Peña, Roque, Pres. Diagonal Norte Av.",725,"Saenz Peña, Roque, Pres. Diagonal Norte Av. 725",-58.376795794296825,-34.60620108225303,POINT (-58.376795794296825 -34.60620108225303)
7,Abc,Santiago Del Estero 1640,4304-2706,bettyyvos@gmail.com,,Hospedaje A,Santiago Del Estero,1640,Santiago Del Estero 1640,-58.384283620240005,-34.62741804583529,POINT (-58.384283620240005 -34.62741804583529)
10,Alba,"Garay, Juan De Av. 1381",4304-2935 / 4306-4304,"albahoteleria@yahoo.com.ar,gaetos@hotmail.com",,Hospedaje A,"Garay, Juan De Av.",1381,"Garay, Juan De Av. 1381",-58.38545935964835,-34.62699566250406,POINT (-58.38545935964835 -34.62699566250406)
11,Alcazar,De Mayo Av. 935,4345 4308,info@hotelalcazar.com.ar,,Hospedaje B,De Mayo Av.,935,De Mayo Av. 935,-58.379732802017415,-34.60888014122817,POINT (-58.379732802017415 -34.60888014122817)
14,Algodon Mansion,Montevideo 1647,3530-7777,reservations@algodonmansion.com,,Registro de Prestadores-Boutique,Montevideo,1647,Montevideo 1647,-58.38742174333942,-34.59127516741013,POINT (-58.38742174333942 -34.59127516741013)
17,Alvear Art Hotel,Suipacha 1036,4114-3400,"info@alvearart.com,recepcion.aah@alvear.com.ar",,Registro de Prestadores,Suipacha,1036,Suipacha 1036,-58.379998702116374,-34.59605669981444,POINT (-58.379998702116374 -34.59605669981444)
18,Alvear Icon Hotel,"Paine, Aime 1110",4114-0900,reservationsicon@alvear.com.ar,,Registro de Prestadores,"Paine, Aime",1110,"Paine, Aime 1110",-58.361964319386644,-34.610529547724155,POINT (-58.361964319386644 -34.610529547724155)
20,Amérian Buenos Aires Park Hotel,Reconquista 699,5171-6500,"reservas@amerian.com,reservasbph@amerian.com",,4 Estrellas,Reconquista,699,Reconquista 699,-58.37260534218746,-34.599705005768996,POINT (-58.37260534218746 -34.599705005768996)
21,América del Sur Hostel,Chacabuco 718,4300-5525,baires@americahostel.com.ar,,Registro de Prestadores,Chacabuco,718,Chacabuco 718,-58.37590646801607,-34.61642326193004,POINT (-58.37590646801607 -34.61642326193004)
22,Americano Hotel,Rodriguez Peña 265,4382-4223,,,2 Estrellas,Rodriguez Peña,265,Rodriguez Peña 265,-58.39070847837388,-34.60594622527869,POINT (-58.39070847837388 -34.60594622527869)
29,Argenta Tower Retiro Hotel,Juncal 868,4325-4100/ 49792722,reservas@argenta-tower.com.ar,,4 Estrellas,Juncal,868,Juncal 868,-58.379582841439515,-34.59292273811405,POINT (-58.379582841439515 -34.59292273811405)
30,Argentina Tango Hotel,Suipacha 545,5630-4677,,,Apart 2 Estrellas,Suipacha,545,Suipacha 545,-58.379503859598785,-34.6019198263607,POINT (-58.379503859598785 -34.6019198263607)
32,Art Factory Hostel,Piedras 545,4343-1463,info@artfactoryba.com.ar,,Registro de Prestadores,Piedras,545,Piedras 545,-58.37758618834291,-34.61448656850412,POINT (-58.37758618834291 -34.61448656850412)
36,Astoria,De Mayo Av. 916,4334-9061 / 5,info@hotel-astoria.com.ar,,2 Estrellas,De Mayo Av.,916,De Mayo Av. 916,-58.379435047863595,-34.608969972570335,POINT (-58.379435047863595 -34.608969972570335)
38,Atlas Tower,Corrientes Av. 1778,5217-9371,reservas@atlastower.com.ar,,3 Estrellas,Corrientes Av.,1778,Corrientes Av. 1778,-58.391933900756776,-34.60446464373401,POINT (-58.391933900756776 -34.60446464373401)
39,Avenida Petit Hotel,De Mayo Av. 1347,4381-2428 / 7831,avenidapetit@gmail.com,,1 Estrella,De Mayo Av.,1347,De Mayo Av. 1347,-58.385519667951186,-34.60927709787273,POINT (-58.385519667951186 -34.60927709787273)
42,Ba Stop Hostel,Rivadavia 1194,6091-2156,info@bastop.com,,Registro de Prestadores,Rivadavia,1194,Rivadavia 1194,-58.38333429726897,-34.608619811431474,POINT (-58.38333429726897 -34.608619811431474)
43,Baccara,Salta 952,4308-8173,,,Hospedaje B,Salta,952,Salta 952,-58.382915298575874,-34.6191826212403,POINT (-58.382915298575874 -34.6191826212403)
48,Bisonte Libertad,Libertad 902,3723-2520,reservas@bisontelibertad.com,,4 Estrellas,Libertad,902,Libertad 902,-58.38417010866527,-34.59804689647918,POINT (-58.38417010866527 -34.59804689647918)
49,Bisonte Palace Hotel,"Alvear, Marcelo T. De 902",4328-4751,reservas@bisontepalace.com,,4 Estrellas,"Alvear, Marcelo T. De",902,"Alvear, Marcelo T. De 902",-58.379946178530524,-34.59657101073534,POINT (-58.379946178530524 -34.59657101073534)
52,Bohemia Buenos Aires Hotel,Peru 845,4115-2561/2566,info@bohemiabuenosaires.com.ar,,1 Estrella,Peru,845,Peru 845,-58.374477971264774,-34.617825046649635,POINT (-58.374477971264774 -34.617825046649635)
53,Brisas del Mar,Humberto 1° 826,4306-6040,info@hotelbrisasdelmar.com.ar,,Hospedaje B,Humberto 1°,826,Humberto 1° 826,-58.37761009958123,-34.62093421298706,POINT (-58.37761009958123 -34.62093421298706)
54,Bristol Hotel,Cerrito 286,5252-6400,reservas@hotelbristol.com.ar,,4 Estrellas,Cerrito,286,Cerrito 286,-58.382198378617424,-34.605199884054976,POINT (-58.382198378617424 -34.605199884054976)
55,Broadway Hotel & Suites,Corrientes Av. 1173,4378-9250,ventas@broadway-suites.com.ar,,Apart 1 Estrella,Corrientes Av.,1173,Corrientes Av. 1173,-58.38330283825713,-34.60374702703923,POINT (-58.38330283825713 -34.60374702703923)
61,Carles Hotel,Juncal 798,5196-8200,info@carleshotelbuenosaires.com,,Registro de Prestadores,Juncal,798,Juncal 798,-58.37851391964254,-34.592939469310444,POINT (-58.37851391964254 -34.592939469310444)
62,Carsson,Viamonte 650,4131-3800,info@hotelcarsson.com.ar,,4 Estrellas,Viamonte,650,Viamonte 650,-58.37607148751639,-34.59996533252279,POINT (-58.37607148751639 -34.59996533252279)
63,Casacalma Hotel,Suipacha 1015,4312-5000,info@casacalmahotel.com,,Registro de Prestadores-Boutique,Suipacha,1015,Suipacha 1015,-58.37985310126982,-34.5962984637329,POINT (-58.37985310126982 -34.5962984637329)
66,Cassa Lepage Art Hotel,Bolivar 365,5275-0594 / 0595 / 0596,info@cassalepage.com,,Registro de Prestadores,Bolivar,365,Bolivar 365,-58.37341366078743,-34.61214018329661,POINT (-58.37341366078743 -34.61214018329661)
68,Castilla,"Mitre, Bartolome 1548",4338-4586,,,Hospedaje B,"Mitre, Bartolome",1548,"Mitre, Bartolome 1548",-58.38848702001005,-34.60781459471836,POINT (-58.38848702001005 -34.60781459471836)
69,Central (Alsina 1693),"Alsina, Adolfo 1693",4304-3783,,,Hospedaje B,"Alsina, Adolfo",1693,"Alsina, Adolfo 1693",-58.39025186569626,-34.61132422411395,POINT (-58.39025186569626 -34.61132422411395)
70,Central (Brasil 1327),Brasil 1327,4304-3783,,,Hospedaje A,Brasil,1327,Brasil 1327,-58.38472688976728,-34.62819385642605,POINT (-58.38472688976728 -34.62819385642605)
71,Central Córdoba,San Martin 1021,4311-1175 / 4312-8524,reservas@hotelcentralcordoba.com.ar,,2 Estrellas,San Martin,1021,San Martin 1021,-58.37427104924475,-34.596042999535264,POINT (-58.37427104924475 -34.596042999535264)
72,Centuria,Suipacha 30,4342-5575,recepcion@hotelcenturia.com,,4 Estrellas,Suipacha,30,Suipacha 30,-58.37930952008193,-34.6079577278048,POINT (-58.37930952008193 -34.6079577278048)
73,Cevallos Palace Hotel,"Cevallos, Virrey 261",4372-7636,hotelcevallos@hotmail.com,,1 Estrella,"Cevallos, Virrey",261,"Cevallos, Virrey 261",-58.38900162211567,-34.61199923334886,POINT (-58.38900162211567 -34.61199923334886)
74,Cibeles,"Cevallos, Virrey 264",4373-1444,hotelcibeles@hotmail.com.ar,,Hospedaje A,"Cevallos, Virrey",264,"Cevallos, Virrey 264",-58.388868952933926,-34.61202290088415,POINT (-58.388868952933926 -34.61202290088415)
75,Claridge Hotel,Tucuman 535,4319-8000,reservas@claridge.com.ar,,5 Estrellas,Tucuman,535,Tucuman 535,-58.374483063415944,-34.60093785607161,POINT (-58.374483063415944 -34.60093785607161)
80,Constitucion Palace Hotel,Lima 1697,4305-9010 al 20,info@cphotel.com.ar,,3 Estrellas,Lima,1697,Lima 1697,-58.38224954192178,-34.62771777120104,POINT (-58.38224954192178 -34.62771777120104)
81,Conte Hotel,"Pellegrini, Carlos 101",4000-9350,reservas@conte-hotel.com,,4 Estrellas,"Pellegrini, Carlos",101,"Pellegrini, Carlos 101",-58.38071577837544,-34.607217913806274,POINT (-58.38071577837544 -34.607217913806274)
84,Crisol Mundial Hotel,De Mayo Av. 1298,4383-0011,reservas@mundialhotel.com.ar,,2 Estrellas,De Mayo Av.,1298,De Mayo Av. 1298,-58.38477366222018,-34.609336198666334,POINT (-58.38477366222018 -34.609336198666334)
86,Cyan Americas Towers,Libertad 1070,4129-0700/1136825872,info@hotelescyan.com,,4 Estrellas,Libertad,1070,Libertad 1070,-58.384332800548385,-34.596011813506045,POINT (-58.384332800548385 -34.596011813506045)
87,Cyan Hotel de Las Americas,Libertad 1020,5236-9095 / 5236-5300/1136825872,info@hotelescyan.com,,4 Estrellas,Libertad,1020,Libertad 1020,-58.38427112605736,-34.59663992858855,POINT (-58.38427112605736 -34.59663992858855)
88,Da Vinci Hotel,Tucuman 857,5031-8002,info@davincihotel.com.ar,,4 Estrellas,Tucuman,857,Tucuman 857,-58.378991112675095,-34.60119796052426,POINT (-58.378991112675095 -34.60119796052426)
90,Dazzler By Wyndham Buenos Aires San Martín,San Martin 920,5256-7700,reservasweb@dazzlersanmartin.com,,4 Estrellas,San Martin,920,San Martin 920,-58.37434205572689,-34.597186294375234,POINT (-58.37434205572689 -34.597186294375234)
94,Dolmen Hotel,Suipacha 1079,4311-9000 / 4315-7117,reservas@hoteldolmen.com.ar,,4 Estrellas,Suipacha,1079,Suipacha 1079,-58.379894137181225,-34.59550970286226,POINT (-58.379894137181225 -34.59550970286226)
95,Draper Startup House,Chile 680,6434-4839,argentina@draperstartuphouse.com,,Registro de Prestadores,Chile,680,Chile 680,-58.37565400769469,-34.616238370359675,POINT (-58.37565400769469 -34.616238370359675)
96,Du Helder Hotel,Rivadavia 857,4345-3644/3650,hotelduhelder@hotmail.com,,1 Estrella,Rivadavia,857,Rivadavia 857,-58.37862031959273,-34.608203663580746,POINT (-58.37862031959273 -34.608203663580746)
97,Duomi Plaza Hotel,"Mitre, Bartolome 1480",6091-3888/3866,reservas@duomi.com.ar,,4 Estrellas,"Mitre, Bartolome",1480,"Mitre, Bartolome 1480",-58.387420976624554,-34.60773750539872,POINT (-58.387420976624554 -34.60773750539872)
100,El Cabildo,Lavalle 748,4322-6695 / 6745,reservas@hotelelcabildo.com,,1 Estrella,Lavalle,748,Lavalle 748,-58.377371618269784,-34.602392346579435,POINT (-58.377371618269784 -34.602392346579435)
101,El Conquistador,Suipacha 948,(5411) 4328-3012,reservas@elconquistador.com.ar,,4 Estrellas,Suipacha,948,Suipacha 948,-58.37993983351239,-34.597155743425795,POINT (-58.37993983351239 -34.597155743425795)
103,Embajador,"Pellegrini, Carlos 1185",4326-5302 al 11,reservas@525hotel.com,,3 Estrellas,"Pellegrini, Carlos",1185,"Pellegrini, Carlos 1185",-58.38151491771019,-34.59436811266863,POINT (-58.38151491771019 -34.59436811266863)
104,Emperador Buenos Aires,Del Libertador Av. 420,4131-4000/3000,"reservas@hotel-emperador.com.ar,info@hotel-emperador.com.ar",,5 Estrellas,Del Libertador Av.,420,Del Libertador Av. 420,-58.379742956431905,-34.58997957400042,POINT (-58.379742956431905 -34.58997957400042)
107,Esmeralda Palace Hotel,Esmeralda 527,5811-0317/22,reservasesmeralda@orho-hoteles.com.ar,,3 Estrellas,Esmeralda,527,Esmeralda 527,-58.378073399346725,-34.60205169053293,POINT (-58.378073399346725 -34.60205169053293)
109,Esplendor By Wyndham Buenos Aires,San Martin 780,5256-8800 / 5217 5799,frontdesk@esplendorbuenosaires.com,,4 Estrellas,San Martin,780,San Martin 780,-58.37424066364003,-34.59888374546711,POINT (-58.37424066364003 -34.59888374546711)
111,Esquel,Brasil 1319,4505-6362,,,Hospedaje A,Brasil,1319,Brasil 1319,-58.384624264540506,-34.62817443954299,POINT (-58.384624264540506 -34.62817443954299)
112,Estacion Buenos Aires Hostel,Solis 458,4381-0734,info@hostelestacionbuenosaires.com,,Registro de Prestadores,Solis,458,Solis 458,-58.39031381671051,-34.61435285883961,POINT (-58.39031381671051 -34.61435285883961)
114,Eurobuilding Hotel,Lima 187,5352-1111 / 5325-1104,buenosaires@hoteleuro.com,,4 Estrellas,Lima,187,Lima 187,-58.381942463947766,-34.61066494136162,POINT (-58.381942463947766 -34.61066494136162)
115,Europa,"Mitre, Bartolome 1294",4384-8360,info@eurohotel.com.ar,,Hospedaje A,"Mitre, Bartolome",1294,"Mitre, Bartolome 1294",-58.38479491899632,-34.60757375560416,POINT (-58.38479491899632 -34.60757375560416)
117,Europlaza Hotel & Suites,Montevideo 327,4371-8215 / 5032-7679/7699,info@europlaza.com.ar,,3 Estrellas,Montevideo,327,Montevideo 327,-58.38929105975527,-34.60510131353048,POINT (-58.38929105975527 -34.60510131353048)
118,Exe Hotel Colon,"Pellegrini, Carlos 507",4320-3500,reservas@execolon.com.ar,,4 Estrellas,"Pellegrini, Carlos",507,"Pellegrini, Carlos 507",-58.38098200981172,-34.60241173916993,POINT (-58.38098200981172 -34.60241173916993)
119,Facon Grande,Reconquista 645,4312-6360/69,reservas@hotelfacongrande.com,,4 Estrellas,Reconquista,645,Reconquista 645,-58.37256553613704,-34.600317231790434,POINT (-58.37256553613704 -34.600317231790434)
120,Faena Hotel Buenos Aires,Salotti Martha 445,4010-9000,info@faenahotels.com,,Registro de Prestadores,Salotti Martha,445,Salotti Martha 445,-58.361814763443064,-34.613506391593006,POINT (-58.361814763443064 -34.613506391593006)
122,Feir'S Park Hotel & Rooftop,Esmeralda 1366,4131-1900,feirspark@feirspark.com.ar,,5 Estrellas,Esmeralda,1366,Esmeralda 1366,-58.378178648694394,-34.59150583031322,POINT (-58.378178648694394 -34.59150583031322)
125,Four Seasons Hotel Buenos Aires,Posadas 1086,4321-1200,reservations.bue@fourseasons.com,,5 Estrellas,Posadas,1086,Posadas 1086,-58.38256542428228,-34.59015508658921,POINT (-58.38256542428228 -34.59015508658921)
126,Frossard Hotel,Tucuman 686,4322-1811,reservas@hotelfrossard.com.ar,,1 Estrella,Tucuman,686,Tucuman 686,-58.3765210732128,-34.6011692109957,POINT (-58.3765210732128 -34.6011692109957)
128,Gran Hotel Ailen,Suipacha 18,4345-4980 / 4343-2037,reservas@granhotelailen.com.ar,,3 Estrellas,Suipacha,18,Suipacha 18,-58.379302465573176,-34.60808904557884,POINT (-58.379302465573176 -34.60808904557884)
129,Gran Hotel América,"Irigoyen, Bernardo De 1608",4307-8785/9671,info@granhotelamerica.com.ar,,Hospedaje A,"Irigoyen, Bernardo De",1608,"Irigoyen, Bernardo De 1608",-58.378391389741935,-34.627564444292574,POINT (-58.378391389741935 -34.627564444292574)
130,Gran Hotel Argentino,"Pellegrini, Carlos 37",4334-4001 / 02,info@hotel-argentino.com.ar,,3 Estrellas,"Pellegrini, Carlos",37,"Pellegrini, Carlos 37",-58.380676543453106,-34.607952107820026,POINT (-58.380676543453106 -34.607952107820026)
132,Gran Hotel Buenos Aires,"Alvear, Marcelo T. De 767",4312-3003,reservas@granhotelbue.com.ar,,4 Estrellas,"Alvear, Marcelo T. De",767,"Alvear, Marcelo T. De 767",-58.37795100804429,-34.596277325641836,POINT (-58.37795100804429 -34.596277325641836)
133,Gran Hotel de la Paix,Rivadavia 1155,4381-8061 / 63,reservas@granhoteldelapaix.com.ar,,3 Estrellas,Rivadavia,1155,Rivadavia 1155,-58.38280266096139,-34.608467641716835,POINT (-58.38280266096139 -34.608467641716835)
134,Gran Hotel Dora,Maipu 963,4312-7391,reservas@dorahotel.com.ar,,4 Estrellas,Maipu,963,Maipu 963,-58.376877993020926,-34.59676659206172,POINT (-58.376877993020926 -34.59676659206172)
135,Gran Hotel España,Tacuari 80,4343-5541,,,Hospedaje A,Tacuari,80,Tacuari 80,-58.37911251372499,-34.60923833109598,POINT (-58.37911251372499 -34.60923833109598)
136,Gran Hotel Libertad,Libertad 249,4381-2631/4382-7789,info@granhotellibertad.com.ar,,2 Estrellas,Libertad,249,Libertad 249,-58.383539617256325,-34.605675895682204,POINT (-58.383539617256325 -34.605675895682204)
139,Gran Vedra,De Mayo Av. 1350,4383-0584,info@hotelvedra.com.ar,,2 Estrellas,De Mayo Av.,1350,De Mayo Av. 1350,-58.38553579112819,-34.60938848303285,POINT (-58.38553579112819 -34.60938848303285)
140,Granados Hostel,Chile Av. 374,4362-5600,info@granadoshostel.com,,Registro de Prestadores,Chile Av.,374,Chile Av. 374,-58.3713976292833,-34.61601013889568,POINT (-58.3713976292833 -34.61601013889568)
141,Grand Brizo,Cerrito 180,3985-7800,reservas.ba@grandbrizohoteles.com,,Registro de Prestadores,Cerrito,180,Cerrito 180,-58.38213925978213,-34.606406816089724,POINT (-58.38213925978213 -34.606406816089724)
142,Grand King Hotel,Lavalle 560,4393-4012,reservas@grandking.com.ar,,4 Estrellas,Lavalle,560,Lavalle 560,-58.37470648552268,-34.60223708819122,POINT (-58.37470648552268 -34.60223708819122)
145,Hilton Buenos Aires,"Guemes, Macacha 351",4891-0000,reservations.buenosaires@hilton.com,,5 Estrellas,"Guemes, Macacha",351,"Guemes, Macacha 351",-58.363718307911576,-34.6054207531551,POINT (-58.363718307911576 -34.6054207531551)
147,Holiday Inn Express Puerto Madero,"Alem, Leandro N. Av. 770",4311-5200,reservas.arg@talbot.cl,,3 Estrellas,"Alem, Leandro N. Av.",770,"Alem, Leandro N. Av. 770",-58.37119194416087,-34.59876718091612,POINT (-58.37119194416087 -34.59876718091612)
149,Hostel Colonial Buenos Aires,Tucuman 509,4312-6417,info@hostelcolonial.com.ar,,Registro de Prestadores,Tucuman,509,Tucuman 509,-58.3741497387309,-34.60091572064846,POINT (-58.3741497387309 -34.60091572064846)
150,Hostel Recoleta,Libertad 1216,4812-4419,hotelesenba@gmail.com,,Registro de Prestadores,Libertad,1216,Libertad 1216,-58.38449640964057,-34.594168597913544,POINT (-58.38449640964057 -34.594168597913544)
151,Hotel A&B,Montevideo 248,4325-8960/4382-4118,recepcion@hotelayb.com,,2 Estrellas,Montevideo,248,Montevideo 248,-58.38939721050388,-34.60607306677306,POINT (-58.38939721050388 -34.60607306677306)
152,Hotel Adrazi,Santiago Del Estero 349,4382-6005,reservas@jcv.com.ar,,Registro de Prestadores,Santiago Del Estero,349,Santiago Del Estero 349,-58.384784736560846,-34.612735651889665,POINT (-58.384784736560846 -34.612735651889665)
153,Hotel Anselmo Buenos Aires Curio Collection By Hilton,Don Anselmo Aieta 1069,4834-3200,info@anselmohotel.com,,Registro de Prestadores,Don Anselmo Aieta,1069,Don Anselmo Aieta 1069,-58.37217911311235,-34.62041702790059,POINT (-58.37217911311235 -34.62041702790059)
155,Hotel Avenida,De Mayo Av. 623,4342-5664,hotelavenidabsas@gmail.com,,2 Estrellas,De Mayo Av.,623,De Mayo Av. 623,-58.37529060748157,-34.60856988200843,POINT (-58.37529060748157 -34.60856988200843)
157,Hotel Central,Solis 192,4373-8785,,,2 Estrellas,Solis,192,Solis 192,-58.390300938256644,-34.611259727696144,POINT (-58.390300938256644 -34.611259727696144)
158,Hotel Design Suites Buenos Aires,Tacuari 243,3724-0700 / 4896-6340,reservas.bsas@gruposolanas.com,,Registro de Prestadores,Tacuari,243,Tacuari 243,-58.37916560086678,-34.611112614707174,POINT (-58.37916560086678 -34.611112614707174)
160,Hotel El Plata,"Calvo, Carlos 1274",6793-3468,tatin.lemeja@gmail.com,,Registro de Prestadores,"Calvo, Carlos",1274,"Calvo, Carlos 1274",-58.38396711942037,-34.61984383207006,POINT (-58.38396711942037 -34.61984383207006)
161,Hotel Globales Republica Wellness & Spa,Cerrito 370,4382-5050,res.republica@hotelesglobales.com,,4 Estrellas,Cerrito,370,Cerrito 370,-58.38225552269358,-34.604145743013866,POINT (-58.38225552269358 -34.604145743013866)
163,Hotel Huinid Obelisco,Sarmiento 1431,4371-4999,reservas@huinid.com,,Registro de Prestadores,Sarmiento,1431,Sarmiento 1431,-58.38693791510671,-34.605248226239965,POINT (-58.38693791510671 -34.605248226239965)
164,Hotel Impala,Libertad 1215,5254-6835,reservas@525hotel.com,,3 Estrellas,Libertad,1215,Libertad 1215,-58.38436359124264,-34.59416482181725,POINT (-58.38436359124264 -34.59416482181725)
166,Hotel Madero Buenos Aires,"Vera Peñaloza,  Rosario 360",5776-7777,info@hotelmadero.com,,4 Estrellas,"Vera Peñaloza,  Rosario",360,"Vera Peñaloza,  Rosario 360",-58.36233983721134,-34.61747346326601,POINT (-58.36233983721134 -34.61747346326601)
172,Hotel Parada,Rivadavia 1291,4381-6399,info@hostelparada.com,,Registro de Prestadores,Rivadavia,1291,Rivadavia 1291,-58.38473039897362,-34.608619063481825,POINT (-58.38473039897362 -34.608619063481825)
174,Hotel Plaza Garay,"Saenz Peña, Luis, Pres. 1572",4305-3661,hotelplazagaray@gmail.com,,Hospedaje B,"Saenz Peña, Luis, Pres.",1572,"Saenz Peña, Luis, Pres. 1572",-58.3871316821008,-34.62683250880662,POINT (-58.3871316821008 -34.62683250880662)
176,Hotel San Martin,Callao Av. 327,4371-6450,hotelsanmartin1@yahoo.com.ar,,Hospedaje A,Callao Av.,327,Callao Av. 327,-58.39215959500355,-34.6053035641001,POINT (-58.39215959500355 -34.6053035641001)
177,Hotel Sheltown,"Alvear, Marcelo T. De 742",5254-6835,reservas@525hotel.com,,4 Estrellas,"Alvear, Marcelo T. De",742,"Alvear, Marcelo T. De 742",-58.37757161062993,-34.596365422850965,POINT (-58.37757161062993 -34.596365422850965)
178,Hotel Siena,"Peron, Juan Domingo, Tte. General 1554",4371-0720 / 7422 / 6346,info@sienahotel.com.ar,,1 Estrella,"Peron, Juan Domingo, Tte. General",1554,"Peron, Juan Domingo, Tte. General 1554",-58.388604097502395,-34.60663843752528,POINT (-58.388604097502395 -34.60663843752528)
179,Hotel Uthgra de las Luces,"Alsina, Adolfo 525",4343-6776,reservas@uthgradelasluces.com.ar,,3 Estrellas,"Alsina, Adolfo",525,"Alsina, Adolfo 525",-58.37380253727463,-34.61021317078794,POINT (-58.37380253727463 -34.61021317078794)
181,Howard Johnson Plaza Buenos Aires,Lima 653,2205-8900,administracion.florencia@hjplazabuenosaires.com.ar,,Registro de Prestadores,Lima,653,Lima 653,-58.38166129011559,-34.615926198712536,POINT (-58.38166129011559 -34.615926198712536)
182,Howard Johnson Plaza Buenos Aires Florida Street,Florida 944,4891-9200,reservas@hjFlorida.com.ar,,4 Estrellas,Florida,944,Florida 944,-58.375481836934824,-34.59695572383406,POINT (-58.375481836934824 -34.59695572383406)
183,Hr Esmeralda Luxor,Esmeralda 675,7700-3018,reservas@hresmeraldaluxor.com,,4 Estrellas,Esmeralda,675,Esmeralda 675,-58.378139861248755,-34.60037203723932,POINT (-58.378139861248755 -34.60037203723932)
184,Hr Luxor,"Saenz Peña, Roque, Pres. Diagonal Norte Av. 890",4328-9400,reservas@hrluxor.com,,4 Estrellas,"Saenz Peña, Roque, Pres. Diagonal Norte Av.",890,"Saenz Peña, Roque, Pres. Diagonal Norte Av. 890",-58.37924336529547,-34.605046496219764,POINT (-58.37924336529547 -34.605046496219764)
185,Hr Plaza Luxor,Reconquista 602,5263-0277,,,4 Estrellas,Reconquista,602,Reconquista 602,-58.37266686153925,-34.600820206656245,POINT (-58.37266686153925 -34.600820206656245)
186,Htl 9 de Julio,"Alsina, Adolfo 1112",7078-0731,reservas.9dejulio@htlhoteles.com,,Registro de Prestadores,"Alsina, Adolfo",1112,"Alsina, Adolfo 1112",-58.382050967520165,-34.61090011037493,POINT (-58.382050967520165 -34.61090011037493)
187,Htl City Bs. As.,Piedras 303,5277-6050 / 52175799,reservas.citybaires@htlhoteles.com,,Registro de Prestadores,Piedras,303,Piedras 303,-58.37771702839591,-34.6117145050292,POINT (-58.37771702839591 -34.6117145050292)
188,Htl Urbano,Tucuman 451,7078-0852,reservas.urbano@htlhoteles.com,,Registro de Prestadores,Tucuman,451,Tucuman 451,-58.37331964719456,-34.60085261896471,POINT (-58.37331964719456 -34.60085261896471)
191,Ibis Buenos Aires Obelisco,Corrientes Av. 1344,4370-9300,h6502-re@accor.com,,3 Estrellas,Corrientes Av.,1344,Corrientes Av. 1344,-58.38573668725173,-34.604000005552365,POINT (-58.38573668725173 -34.604000005552365)
192,Ibis Congreso,"Yrigoyen, Hipolito Av. 1592",5300-5555,h3251@accor.com,,3 Estrellas,"Yrigoyen, Hipolito Av.",1592,"Yrigoyen, Hipolito Av. 1592",-58.38889225574772,-34.610121001963094,POINT (-58.38889225574772 -34.610121001963094)
193,Icaro Suites,Montevideo 229,4372-9000,resevas@icarosuites.com,,Apart 2 Estrellas,Montevideo,229,Montevideo 229,-58.389258302331605,-34.60627433065453,POINT (-58.389258302331605 -34.60627433065453)
196,Imperial Park,Lima 107,4383-0555,info@imperialparkhotel.com,,3 Estrellas,Lima,107,Lima 107,-58.381982315711596,-34.609779746427705,POINT (-58.381982315711596 -34.609779746427705)
198,Intercontinental Buenos Aires,Moreno 809,4340-7100,"andrea.hernandez@ihg.com,valeria.bulacio@ihg.com",,5 Estrellas,Moreno,809,Moreno 809,-58.3778086041856,-34.61160693480829,POINT (-58.3778086041856 -34.61160693480829)
199,Internacional,"Irigoyen, Bernardo De 552",4334-4949,info@hotel-internacional.com.ar,,2 Estrellas,"Irigoyen, Bernardo De",552,"Irigoyen, Bernardo De 552",-58.38033538246348,-34.61472110387811,POINT (-58.38033538246348 -34.61472110387811)
202,Irun,Santiago Del Estero 1671,4306-0018/ 4304-2746 / 0-810-222-4441,info@hotelirun.com.ar,,3 Estrellas,Santiago Del Estero,1671,Santiago Del Estero 1671,-58.384410342176174,-34.62780666266061,POINT (-58.384410342176174 -34.62780666266061)
205,Kenton Palace,Defensa 383,4331-2020,reservas1@kentonpalace.com.ar,,Registro de Prestadores,Defensa,383,Defensa 383,-58.372009444094104,-34.6122554379498,POINT (-58.372009444094104 -34.6122554379498)
207,Ker Recoleta,"Alvear, Marcelo T. De 1368",5277-4600,reservasrecoleta@kerhoteles.com.ar,,4 Estrellas,"Alvear, Marcelo T. De",1368,"Alvear, Marcelo T. De 1368",-58.38658952710742,-34.597076500938556,POINT (-58.38658952710742 -34.597076500938556)
210,King'S Hotel,Corrientes Av. 623,4322-8461 / 8161,reservas@kingshotel.com.ar,,2 Estrellas,Corrientes Av.,623,Corrientes Av. 623,-58.37557695463343,-34.603281401036824,POINT (-58.37557695463343 -34.603281401036824)
215,La Fresque,De Mayo Av. 984,4331-3615,info@lafresquehotel.com,,1 Estrella,De Mayo Av.,984,De Mayo Av. 984,-58.380409804785465,-34.60903688594272,POINT (-58.380409804785465 -34.60903688594272)
217,La Piedad,"Mitre, Bartolome 1156",4381-6810,lapiedadhotel@gmail.com,,Hospedaje B,"Mitre, Bartolome",1156,"Mitre, Bartolome 1156",-58.38283871157931,-34.60744762974926,POINT (-58.38283871157931 -34.60744762974926)
219,La Vasconia,Salta 1806,4304-3031,silvadaut@hotmail.com,,Hospedaje A,Salta,1806,Salta 1806,-58.38268683401696,-34.62911859867126,POINT (-58.38268683401696 -34.62911859867126)
221,Lafayette,Reconquista 546,4393-9081,info@lafayettehotel.com.ar,,4 Estrellas,Reconquista,546,Reconquista 546,-58.372626948049714,-34.60150437007726,POINT (-58.372626948049714 -34.60150437007726)
224,Lemon Suites Apartments,Chacabuco 1072,4307-5651,info@lemonsuites.com.ar,,Registro de Prestadores,Chacabuco,1072,Chacabuco 1072,-58.375696139574494,-34.62048565598121,POINT (-58.375696139574494 -34.62048565598121)
225,Lennox,Talcahuano 52,5272-1070,reservas@lennoxhotels.com,,4 Estrellas,Talcahuano,52,Talcahuano 52,-58.38496495964045,-34.60809721068144,POINT (-58.38496495964045 -34.60809721068144)
229,Libertador Hotel,Cordoba Av. 690,4321-0021 | 0022,reserva.1195@libertadorhotels.com,,5 Estrellas,Cordoba Av.,690,Cordoba Av. 690,-58.376656208643666,-34.59884851460184,POINT (-58.376656208643666 -34.59884851460184)
230,Lisboa,"Mitre, Bartolome 1282",4381-2152,"info@hotel-lisboa.com.ar,lisboahotelbaires@outlook.com",,2 Estrellas,"Mitre, Bartolome",1282,"Mitre, Bartolome 1282",-58.384632977671814,-34.60756390887768,POINT (-58.384632977671814 -34.60756390887768)
233,Loisuites Esmeralda,"Alvear, Marcelo T. De 842",4131-6800,reservas3@loisuites.com.ar,,Apart 1 Estrella,"Alvear, Marcelo T. De",842,"Alvear, Marcelo T. De 842",-58.379042908454124,-34.596481149982054,POINT (-58.379042908454124 -34.596481149982054)
236,Los Robles,Estados Unidos 827,4300-2096,daquilaus@hotmail.com,,Hospedaje A,Estados Unidos,827,Estados Unidos 827,-58.37770741635312,-34.618487834122014,POINT (-58.37770741635312 -34.618487834122014)
237,Los Tres Reyes,Brasil 423,4300-9456,hotel_tresreyes@yahoo.com,,2 Estrellas,Brasil,423,Brasil 423,-58.37147668132021,-34.62533125379087,POINT (-58.37147668132021 -34.62533125379087)
243,Maipo,Esmeralda 474,4328-4907/4393-2982,hotelmaipo@hotmail.com,,Hospedaje B,Esmeralda,474,Esmeralda 474,-58.37817539120459,-34.60269025488251,POINT (-58.37817539120459 -34.60269025488251)
245,Mansion Vitraux,"Calvo, Carlos 369",4300-6886,frontdesk.boutiquesuites@boutiqueapartmentsba.com,,Registro de Prestadores-Boutique,"Calvo, Carlos",369,"Calvo, Carlos 369",-58.37108339775908,-34.61941313289567,POINT (-58.37108339775908 -34.61941313289567)
246,Marbella Hotel,De Mayo Av. 1261,4383-8566/3573,info@hotelmarbella.com.ar,,2 Estrellas,De Mayo Av.,1261,De Mayo Av. 1261,-58.38430029983215,-34.60919345724145,POINT (-58.38430029983215 -34.60919345724145)
248,Mayflower Suites,Parana 720,5238 0050 / 5235 0456,reservas@mayflowersuites.com.ar,,Apart 2 Estrellas,Parana,720,Parana 720,-58.38818122824988,-34.600387395566614,POINT (-58.38818122824988 -34.600387395566614)
251,Melia Buenos Aires,Reconquista 945,4891-3800,reservas@meliabuenosaires.com.ar,,5 Estrellas,Reconquista,945,Reconquista 945,-58.372971083953516,-34.59680172155505,POINT (-58.372971083953516 -34.59680172155505)
253,Mérit San Telmo,"Alsina, Adolfo 801",5280-9100,recepcionnmba@merithoteles.com.ar,,Registro de Prestadores,"Alsina, Adolfo",801,"Alsina, Adolfo 801",-58.37775380108892,-34.610493147424165,POINT (-58.37775380108892 -34.610493147424165)
257,Miky,Talcahuano 362,4371-2376,,,Hospedaje B,Talcahuano,362,Talcahuano 362,-58.38516732974413,-34.60441528650248,POINT (-58.38516732974413 -34.60441528650248)
258,Milan,Montevideo 337,4373-0759 / 4374-1906,info@milanhotel.com.ar,,1 Estrella,Montevideo,337,Montevideo 337,-58.3892965301222,-34.604983357531836,POINT (-58.3892965301222 -34.604983357531836)
259,Milhouse Avenue,De Mayo Av. 1245,5796-2009,info@milhousehostel.com,,Registro de Prestadores,De Mayo Av.,1245,De Mayo Av. 1245,-58.38408503358012,-34.60917869391311,POINT (-58.38408503358012 -34.60917869391311)
263,Miramar,Salta 1429,4306-6038,,,Hospedaje B,Salta,1429,Salta 1429,-58.38298533063855,-34.625071956263966,POINT (-58.38298533063855 -34.625071956263966)
265,Napoleon Hotel,Rivadavia 1364,5353-2031/37,info@hotel-napoleon.com.ar,,3 Estrellas,Rivadavia,1364,Rivadavia 1364,-58.385748309735924,-34.608803265305916,POINT (-58.385748309735924 -34.608803265305916)
267,Nh 9 de Julio,Cerrito 156,6841-9937,nh9dejulio@nh-hotels.com,,4 Estrellas,Cerrito,156,Cerrito 156,-58.38212652604045,-34.606682550814334,POINT (-58.38212652604045 -34.606682550814334)
268,Nh Buenos Aires City,Bolivar 160,4121-6464 / 6400,nhcity@nh-hotels.com,,5 Estrellas,Bolivar,160,Bolivar 160,-58.373432415041194,-34.60976234052745,POINT (-58.373432415041194 -34.60976234052745)
269,Nh Collection Buenos Aires Crillón,Santa Fe Av. 796,4310-3000,nhcollectioncrillon@nh-hotels.com,,4 Estrellas,Santa Fe Av.,796,Santa Fe Av. 796,-58.378349799449765,-34.59514029657053,POINT (-58.378349799449765 -34.59514029657053)
270,Nh Collection Jousten,Corrientes Av. 240,5984-3817,nhcollectionjousten@nh-hotels.com,,4 Estrellas,Corrientes Av.,240,Corrientes Av. 240,-58.37068213575715,-34.60308298189587,POINT (-58.37068213575715 -34.60308298189587)
271,Nh Collection Lancaster,Cordoba Av. 405,4131-6464,nhcollectionlancaster@nh-hotels.com,,4 Estrellas,Cordoba Av.,405,Cordoba Av. 405,-58.37290394041745,-34.598468027807726,POINT (-58.37290394041745 -34.598468027807726)
272,Nh Florida,San Martin 839,4321-9850,nhFlorida@nh-hotels.com,,4 Estrellas,San Martin,839,San Martin 839,-58.37416118039031,-34.59807485952298,POINT (-58.37416118039031 -34.59807485952298)
273,Nh Latino,Suipacha 309,5776-6464 / 4321-6700,nhlatino@nh-hotels.com,,4 Estrellas,Suipacha,309,Suipacha 309,-58.3793327655981,-34.60469904707603,POINT (-58.3793327655981 -34.60469904707603)
274,Nh Tango,Cerrito 550,4124-6700,nhtango@nh-hotels.com,,4 Estrellas,Cerrito,550,Cerrito 550,-58.382385285239415,-34.6020039078384,POINT (-58.382385285239415 -34.6020039078384)
276,Normandie Hotel,Rodriguez Peña 320,4371-7001 al 06,normandie@hotelnormandie.com.ar,,3 Estrellas,Rodriguez Peña,320,Rodriguez Peña 320,-58.390869987804095,-34.60528961371819,POINT (-58.390869987804095 -34.60528961371819)
277,Novel Hotel,De Mayo Av. 915,4345-3532,info@novelhotel.com.ar,,2 Estrellas,De Mayo Av.,915,De Mayo Av. 915,-58.379446230392354,-34.608860460784335,POINT (-58.379446230392354 -34.608860460784335)
278,Novotel,Corrientes Av. 1334,4370-9500,H6503-re@accor.com,,4 Estrellas,Corrientes Av.,1334,Corrientes Av. 1334,-58.385603402200886,-34.60399219041968,POINT (-58.385603402200886 -34.60399219041968)
279,O Rei,Lavalle 733,4393-7186,info@hotelorei.com.ar,,Hospedaje B,Lavalle,733,Lavalle 733,-58.37719080337632,-34.602272328807864,POINT (-58.37719080337632 -34.602272328807864)
281,Odeon,Humberto 1° 1257,4303-3347/9775,"info@hotelodeon.com.ar,hotelodeon@hotmail.com",,Hospedaje A,Humberto 1°,1257,Humberto 1° 1257,-58.38376029184762,-34.62096932145454,POINT (-58.38376029184762 -34.62096932145454)
297,Park Royal Buenos Aires,Suipacha 1092,4320-3600,reservationsbue@park-royalhotels.com,,Apart 1 Estrella,Suipacha,1092,Suipacha 1092,-58.3800311417975,-34.59536315680769,POINT (-58.3800311417975 -34.59536315680769)
298,Park Tower Buenos Aires Hotel,"Alem, Leandro N. Av. 1193",4318-9100,BUESC-Reservations@marriott.com,,5 Estrellas,"Alem, Leandro N. Av.",1193,"Alem, Leandro N. Av. 1193",-58.37366584405123,-34.593621978144384,POINT (-58.37366584405123 -34.593621978144384)
299,Parlamento Hotel,Rodriguez Peña 61,4371-3789 / 4374-1410/1709,info@hotelparlamento.com.ar,,3 Estrellas,Rodriguez Peña,61,Rodriguez Peña 61,-58.390564523417964,-34.60841109352001,POINT (-58.390564523417964 -34.60841109352001)
300,Patios de San Telmo,Chacabuco 752,4307-0480/0965,info@patiosdesantelmo.com.ar,,Registro de Prestadores,Chacabuco,752,Chacabuco 752,-58.37588504207623,-34.61679287514746,POINT (-58.37588504207623 -34.61679287514746)
301,Pestana Hotel,"Pellegrini, Carlos 877",5239-1000 / 1100,reservas.buenosaires@pestana.com,,4 Estrellas,"Pellegrini, Carlos",877,"Pellegrini, Carlos 877",-58.38126083640267,-34.59812527943678,POINT (-58.38126083640267 -34.59812527943678)
303,Piramides,"Peron, Juan Domingo, Tte. General 1473",4371-4849,,,Hospedaje A,"Peron, Juan Domingo, Tte. General",1473,"Peron, Juan Domingo, Tte. General 1473",-58.38742375647381,-34.60643994868572,POINT (-58.38742375647381 -34.60643994868572)
306,Plaza Roma,Lavalle 110,4311-1679,"info@hotelplazaroma.com.ar,reservas@hotelplazaroma.com.ar",,2 Estrellas,Lavalle,110,Lavalle 110,-58.3692676199378,-34.60186775211333,POINT (-58.3692676199378 -34.60186775211333)
308,Presidente Hotel,Cerrito 850,4816-2222,reservas@hotelpresidente.com.ar,,4 Estrellas,Cerrito,850,Cerrito 850,-58.382630898610984,-34.59853223168681,POINT (-58.382630898610984 -34.59853223168681)
309,Principado Downtown Hotel,Paraguay 481,4313-3022,reservas@principado.com.ar,,4 Estrellas,Paraguay,481,Paraguay 481,-58.37400398594083,-34.59735154821203,POINT (-58.37400398594083 -34.59735154821203)
311,Puerto Limón Hostel,Chacabuco 1080,3645-9086,info@puertolimon.com,,Registro de Prestadores,Chacabuco,1080,Chacabuco 1080,-58.375690204281035,-34.62057286385225,POINT (-58.375690204281035 -34.62057286385225)
315,Recoleta Luxury Boutique Hotel,Parera 183,6777-0200,reservas.bsas@hotels-unique.com,,4 Estrellas,Parera,183,Parera 183,-58.385070338879125,-34.59067756029026,POINT (-58.385070338879125 -34.59067756029026)
316,Regal Pacific,25 De Mayo 764,4310-7000,reservas@regalpacific.com.ar,,5 Estrellas,25 De Mayo,764,25 De Mayo 764,-58.37152062679325,-34.598852515679006,POINT (-58.37152062679325 -34.598852515679006)
317,Regente Palace Hotel,Suipacha 964,4328-6800,reservas@regente.com,,4 Estrellas,Suipacha,964,Suipacha 964,-58.37995011393771,-34.59696961281424,POINT (-58.37995011393771 -34.59696961281424)
318,Regis Hotel,Lavalle 813,0810 222 6746 / (5411) 4327 2605,regisventa@hotelregis.com.ar,,3 Estrellas,Lavalle,813,Lavalle 813,-58.378333131991916,-34.602333943803785,POINT (-58.378333131991916 -34.602333943803785)
319,Reina,De Mayo Av. 1120,4381-2496,reservas@hotelreina.com.ar,,Hospedaje A,De Mayo Av.,1120,De Mayo Av. 1120,-58.382245928271175,-34.60916285711267,POINT (-58.382245928271175 -34.60916285711267)
323,Ribera Sur,Paseo Colon Av. 1145,4361-7398,info@riberasurhotel.com.ar,,Registro de Prestadores,Paseo Colon Av.,1145,Paseo Colon Av. 1145,-58.368449409764736,-34.621092228190385,POINT (-58.368449409764736 -34.621092228190385)
325,Rio de La Plata,"Garay, Juan De Av. 1271",4305-3191 / 4306-8689,,,1 Estrella,"Garay, Juan De Av.",1271,"Garay, Juan De Av. 1271",-58.38390946824685,-34.626933369568825,POINT (-58.38390946824685 -34.626933369568825)
327,Rochester Classic,Esmeralda 542,0800-345-0040 / 4326-6076 / 5256-1055,reservas@rochesterclassic.com.ar,,4 Estrellas,Esmeralda,542,Esmeralda 542,-58.37821448209323,-34.60190088238046,POINT (-58.37821448209323 -34.60190088238046)
328,Rochester Concept,Maipu 572,4328-3930,info@rochester-hotel.com.ar,,3 Estrellas,Maipu,572,Maipu 572,-58.37681094601009,-34.60147973094332,POINT (-58.37681094601009 -34.60147973094332)
329,Roma (Av de Mayo 1413),De Mayo Av. 1413,4383-1273,,,Hospedaje A,De Mayo Av.,1413,De Mayo Av. 1413,-58.38641692044225,-34.609338639942074,POINT (-58.38641692044225 -34.609338639942074)
331,Sabatico Traveller Hostel,Mexico 1410,4381-1138,info@sabaticohostel.com.ar,,Registro de Prestadores,Mexico,1410,Mexico 1410,-58.386077011846105,-34.61555669711599,POINT (-58.386077011846105 -34.61555669711599)
337,San Roman,Moreno 1133,4383-2318,hotelsanroman@yahoo.com.ar,,Hospedaje A,Moreno,1133,Moreno 1133,-58.382335541035175,-34.61189799616583,POINT (-58.382335541035175 -34.61189799616583)
341,Savoy Hotel,Callao Av. 181,4370-8000 / 10,reservas@savoyhotel.com.ar,,4 Estrellas,Callao Av.,181,Callao Av. 181,-58.39203644800922,-34.60702671527257,POINT (-58.39203644800922 -34.60702671527257)
342,Scala Hotel,"Irigoyen, Bernardo De 740",4343-0606,info@scalabuenosaires.com,,Registro de Prestadores,"Irigoyen, Bernardo De",740,"Irigoyen, Bernardo De 740",-58.380240316769815,-34.61690150871696,POINT (-58.380240316769815 -34.61690150871696)
343,Serena Hotel Buenos Aires,Libertad 1617,4813-3226,reservas@serenahoteles.com,,3 Estrellas,Libertad,1617,Libertad 1617,-58.38336228170859,-34.589375126462336,POINT (-58.38336228170859 -34.589375126462336)
344,Sevilla,Solis 138,4372-8447,,,Hospedaje B,Solis,138,Solis 138,-58.390332788602144,-34.61062833100616,POINT (-58.390332788602144 -34.61062833100616)
345,Sheraton Buenos Aires Hotel & Convention Center,San Martin 1225,4318-9000,BUESC-Reservations@marriott.com,,5 Estrellas,San Martin,1225,San Martin 1225,-58.373456362396325,-34.59318813620902,POINT (-58.373456362396325 -34.59318813620902)
347,Sofitel Buenos Aires Recoleta,Posadas 1232,4819-1100,h8932-re@accor.com,,5 Estrellas,Posadas,1232,Posadas 1232,-58.384037981463315,-34.58939292612383,POINT (-58.384037981463315 -34.58939292612383)
349,Solans Carlton,Libertad 1180,4812-0081,"rescarlton@solans.com,frontcarlton@solans.com",,4 Estrellas,Libertad,1180,Libertad 1180,-58.38446990436516,-34.59469341988043,POINT (-58.38446990436516 -34.59469341988043)
351,Splendid Hotel,Rivadavia 950,4345-2800,ventas@hotel-splendid.com.ar,,3 Estrellas,Rivadavia,950,Rivadavia 950,-58.3799536335768,-34.60839259910357,POINT (-58.3799536335768 -34.60839259910357)
352,Sudamerika Hostel & Suites,"Yrigoyen, Hipolito 951",4342-3053,info@sudamerikahostel.com.ar,,Registro de Prestadores,"Yrigoyen, Hipolito",951,"Yrigoyen, Hipolito 951",-58.37993390978212,-34.60949486053682,POINT (-58.37993390978212 -34.60949486053682)
353,Tango de Mayo,De Mayo Av. 1396,3221-6500,info@tango-hotel.com.ar,,Registro de Prestadores-Boutique,De Mayo Av.,1396,De Mayo Av. 1396,-58.3861594186452,-34.60943126401745,POINT (-58.3861594186452 -34.60943126401745)
354,Tanguero Boutique,Suipacha 780,4328-7006 / 4328-7045,info@tanguerohotel.com,,Registro de Prestadores-Boutique,Suipacha,780,Suipacha 780,-58.37980022867815,-34.5992305999629,POINT (-58.37980022867815 -34.5992305999629)
355,Telmotango,Chacabuco 679,6072-2604,telmotango22_@hotmail.com,,Registro de Prestadores,Chacabuco,679,Chacabuco 679,-58.37606375779782,-34.615949618221116,POINT (-58.37606375779782 -34.615949618221116)
358,Tiana Buenos Aires,Humberto 1° 629,4362-8663 / 4300 8177,info@tianabuenosaires.com.ar,,Registro de Prestadores-Boutique,Humberto 1°,629,Humberto 1° 629,-58.37468712628534,-34.62071885337843,POINT (-58.37468712628534 -34.62071885337843)
361,Tres Sargentos Hotel,Tres Sargentos 345,4312-6082,tresargentos@hotmail.com,,2 Estrellas,Tres Sargentos,345,Tres Sargentos 345,-58.37234094572211,-34.597733421430526,POINT (-58.37234094572211 -34.597733421430526)
363,Tritone Hotel,Maipu 657,4325-8960/8955,"reservas@tritonehotel.com.ar,recepcion@tritonehotel.com.ar",,4 Estrellas,Maipu,657,Maipu 657,-58.376719798579316,-34.600460263225735,POINT (-58.376719798579316 -34.600460263225735)
364,Tucuman Palace Hotel,Tucuman 384,4311-3555,reservas@Tucumanpalacehotel.com.ar,,2 Estrellas,Tucuman,384,Tucuman 384,-58.37234899267381,-34.60088771200264,POINT (-58.37234899267381 -34.60088771200264)
365,Turista Hotel,De Mayo Av. 686,4331-2281 / 2485,turistahotel@yahoo.com.ar,,1 Estrella,De Mayo Av.,686,De Mayo Av. 686,-58.37613396928068,-34.608739188834754,POINT (-58.37613396928068 -34.608739188834754)
367,Unique Executive Central,"Saenz Peña, Roque, Pres. Diagonal Norte Av. 1174",6777-0300,reservas.bsas@hotels-unique.com,,4 Estrellas,"Saenz Peña, Roque, Pres. Diagonal Norte Av.",1174,"Saenz Peña, Roque, Pres. Diagonal Norte Av. 1174",-58.383215934383976,-34.602965056291595,POINT (-58.383215934383976 -34.602965056291595)
368,Unique Le B Club Boutique & Terrasse,Talcahuano 1253,6777-0400,reservas.bsas@hotels-unique.com,,4 Estrellas,Talcahuano,1253,Talcahuano 1253,-58.38594332482489,-34.593559860806344,POINT (-58.38594332482489 -34.593559860806344)
369,Universal,Cochabamba 1364,4306-5718,,,Hospedaje B,Cochabamba,1364,Cochabamba 1364,-58.38527832574031,-34.623604181257754,POINT (-58.38527832574031 -34.623604181257754)
370,Up Congreso,Montevideo 84,4382-8789,gerencia@riverhotel.com.ar,,3 Estrellas,Montevideo,84,Montevideo 84,-58.38932311425469,-34.60804927172813,POINT (-58.38932311425469 -34.60804927172813)
371,Up Viamonte,Viamonte 1373,4371-9993,info@upviamonte.com,,Apart 1 Estrella,Viamonte,1373,Viamonte 1373,-58.38633820873762,-34.60050331181071,POINT (-58.38633820873762 -34.60050331181071)
375,Viasui Hotel,Viamonte 960,5252- 3070 al 73,reservas@viasuihotel.com.ar,,3 Estrellas,Viamonte,960,Viamonte 960,-58.380553835605525,-34.60022685122774,POINT (-58.380553835605525 -34.60022685122774)
376,Victoria,Chacabuco 726,4351-2135,,,Hospedaje B,Chacabuco,726,Chacabuco 726,-58.375901426636,-34.61651022974591,POINT (-58.375901426636 -34.61651022974591)
377,Village Garden Apart Hotel,Suipacha 250,4326-0163 / 7879 / 8737,reservas@hotelvillagegarden.com.ar,,Apart 1 Estrella,Suipacha,250,Suipacha 250,-58.379421501194116,-34.60546981636228,POINT (-58.379421501194116 -34.60546981636228)
378,Waldorf,Paraguay 450,4312-2071/9,reservas@waldorf-hotel.com.ar,,3 Estrellas,Paraguay,450,Paraguay 450,-58.37359412122177,-34.5974346180018,POINT (-58.37359412122177 -34.5974346180018)
379,Washington,"Garay, Juan De Av. 340",4361-4738,,,Hospedaje B,"Garay, Juan De Av.",340,"Garay, Juan De Av. 340",-58.370322819450955,-34.62424191366461,POINT (-58.370322819450955 -34.62424191366461)
381,Yale,"Saenz Peña, Luis, Pres. 1007",4305-8754,,,Hospedaje B,"Saenz Peña, Luis, Pres.",1007,"Saenz Peña, Luis, Pres. 1007",-58.38738240465864,-34.62007265684191,POINT (-58.38738240465864 -34.62007265684191)
24,Apart Hotel Anchorena,"Anchorena, Tomas Manuel De, Dr. 1121",4961-8548 / 9445/,info@anchorenaappart.com.ar,,Apart 1 Estrella,"Anchorena, Tomas Manuel De, Dr.",1121,"Anchorena, Tomas Manuel De, Dr. 1121",-58.407063255836306,-34.59637478992723,POINT (-58.407063255836306 -34.59637478992723)
27,Arenales Hotel,Arenales 2984,4828-5000,info@hotelarenales.com.ar,,Registro de Prestadores,Arenales,2984,Arenales 2984,-58.40691390797785,-34.590364421174776,POINT (-58.40691390797785 -34.590364421174776)
261,Miño,Gallo 1258,4962-3673,rodovalho@ciudad.com.ar,,Hospedaje A,Gallo,1258,Gallo 1258,-58.41142001756789,-34.59575334388244,POINT (-58.41142001756789 -34.59575334388244)
284,Omega,Paraguay 2991,4962-5431,reservashotelomega@gmail.com,,1 Estrella,Paraguay,2991,Paraguay 2991,-58.40947359877623,-34.59566617398573,POINT (-58.40947359877623 -34.59566617398573)
310,Principe Hotel,Laprida 1454,4821-9818,principe@hotel-principe.com.ar,,2 Estrellas,Laprida,1454,Laprida 1454,-58.405615120496826,-34.5921097349713,POINT (-58.405615120496826 -34.5921097349713)
19,Alvear Palace Hotel,Alvear Av. 1891,4808-2100,"reservas@alvear.com.ar,info@alvearpalace.com",,5 Estrellas,Alvear Av.,1891,Alvear Av. 1891,-58.3890496897681,-34.58767865435859,POINT (-58.3890496897681 -34.58767865435859)
23,Ancon,"Alvear, Marcelo T. De 2223",4824-0338,hotelancon@hotelancon.com.ar,,Hospedaje B,"Alvear, Marcelo T. De",2223,"Alvear, Marcelo T. De 2223",-58.39920185249126,-34.59693013198696,POINT (-58.39920185249126 -34.59693013198696)
26,Arc Recoleta,Peña 2155,2150-4680,reservas@archoteles.com.ar,,Registro de Prestadores-Boutique,Peña,2155,Peña 2155,-58.39637753725828,-34.5914160866878,POINT (-58.39637753725828 -34.5914160866878)
41,Ayacucho Palace Hotel,Ayacucho 1048,4806-1815,reservas@ayacuchohotel.com.ar,,2 Estrellas,Ayacucho,1048,Ayacucho 1048,-58.39617877211156,-34.59656137606328,POINT (-58.39617877211156 -34.59656137606328)
50,Blank,Peña 2049,4195-1137,reservas@blankhotel.com.ar,,Registro de Prestadores,Peña,2049,Peña 2049,-58.395411268117165,-34.592215382397185,POINT (-58.395411268117165 -34.592215382397185)
58,Callao Suites Apart Hotel Recoleta,Callao Av. 1062,4812-3102,info@callaosuites.com.ar,,Registro de Prestadores,Callao Av.,1062,Callao Av. 1062,-58.39335129554893,-34.596406578240504,POINT (-58.39335129554893 -34.596406578240504)
65,Casasur Recoleta,Callao Av. 1823,4515-0085,recepcion@casasurhotel.com,,Registro de Prestadores-Boutique,Callao Av.,1823,Callao Av. 1823,-58.38872650576148,-34.58898051701611,POINT (-58.38872650576148 -34.58898051701611)
76,Club Frances,Rodriguez Peña 1832,4811-0348,info@hotelclubfrances.com.ar,,Registro de Prestadores-Boutique,Rodriguez Peña,1832,Rodriguez Peña 1832,-58.38770116111373,-34.589650166141844,POINT (-58.38770116111373 -34.589650166141844)
82,Córdoba Suites,Cordoba Av. 1827,4811-8125,cordobasuites@gmail.com,,Registro de Prestadores,Cordoba Av.,1827,Cordoba Av. 1827,-58.39334887678897,-34.59959111266173,POINT (-58.39334887678897 -34.59959111266173)
89,Dazzler By Wyndham Buenos Aires Recoleta,Las Heras General Av. 2161,2058-5556,recepcion@dazzlerrecoleta.com,,Registro de Prestadores,Las Heras General Av.,2161,Las Heras General Av. 2161,-58.39542406456093,-34.588686540221744,POINT (-58.39542406456093 -34.588686540221744)
93,Desing Ce - Hotel de Diseño,"Alvear, Marcelo T. De 1695",5237-3100,info@designce.com,,Apart 3 Estrellas,"Alvear, Marcelo T. De",1695,"Alvear, Marcelo T. De 1695",-58.391703785675816,-34.597161038157736,POINT (-58.391703785675816 -34.597161038157736)
106,Épico Recoleta,Laprida 1902,5199-8399,info@epicorecoletahotel.com.ar,,3 Estrellas,Laprida,1902,Laprida 1902,-58.40092491495961,-34.58842535609633,POINT (-58.40092491495961 -34.58842535609633)
110,Esplendor By Wyndham Buenos Aires Plaza Francia,"Schiaffino, Eduardo 2189",4804 9631,reservas@esplendorplazafrancia.com,,3 Estrellas,"Schiaffino, Eduardo",2189,"Schiaffino, Eduardo 2189",-58.38869893200739,-34.58546082293492,POINT (-58.38869893200739 -34.58546082293492)
144,Guido Palace Hotel,Guido 1780,4812-0674 / 0841,hotelguidopalace@hotmail.com.ar,,2 Estrellas,Guido,1780,Guido 1780,-58.389782716151004,-34.590237635107805,POINT (-58.389782716151004 -34.590237635107805)
189,Hub Porteño,Rodriguez Peña 1967,4815-6100,front@hubporteño.com,,Registro de Prestadores-Boutique,Rodriguez Peña,1967,Rodriguez Peña 1967,-58.38636524921068,-34.58847441050508,POINT (-58.38636524921068 -34.58847441050508)
195,Imperial,"Uriburu Jose E., Pres. 1287",4824-1251,,,Hospedaje B,"Uriburu Jose E., Pres.",1287,"Uriburu Jose E., Pres. 1287",-58.397439208682194,-34.59313312550268,POINT (-58.397439208682194 -34.59313312550268)
200,Intersur Recoleta,Callao Av. 1764,5533-4000,reservas@intersurrecoleta.com.ar,,4 Estrellas,Callao Av.,1764,Callao Av. 1764,-58.38939885627551,-34.589425065901374,POINT (-58.38939885627551 -34.589425065901374)
234,Loisuites Recoleta Hotel,"Lopez, Vicente 1955",5777-8950,recoleta@loisuites.com.ar,,5 Estrellas,"Lopez, Vicente",1955,"Lopez, Vicente 1955",-58.39246972784902,-34.58956207270242,POINT (-58.39246972784902 -34.58956207270242)
252,Melia Recoleta Plaza,Posadas 1557,5353-4000,reservas@meliarecoletaplaza.com.ar,,4 Estrellas,Posadas,1557,Posadas 1557,-58.387770180389985,-34.58707969591274,POINT (-58.387770180389985 -34.58707969591274)
262,Mio Buenos Aires,"Quintana, Manuel, Pres. Av. 465",5295-8500,reservas@miobuenosaires.com,,Registro de Prestadores-Boutique,"Quintana, Manuel, Pres. Av.",465,"Quintana, Manuel, Pres. Av. 465",-58.38957097484884,-34.58856700381086,POINT (-58.38957097484884 -34.58856700381086)
289,Palacio Duhau - Park Hyatt Buenos Aires,Posadas 1350,5171-1234,buenosaires.park@hyatt.com,,5 Estrellas,Posadas,1350,Posadas 1350,-58.38555722881138,-34.58850838734476,POINT (-58.38555722881138 -34.58850838734476)
292,Palladio Hotel Buenos Aires - Mgallery,Callao Av. 924,4700-7500,recepcion.palladio@accor.com,,Registro de Prestadores,Callao Av.,924,Callao Av. 924,-58.39314614000367,-34.598358567112385,POINT (-58.39314614000367 -34.598358567112385)
314,Recoleta Grand Hotel,"Las Heras, General 1745",4129-9800 int 5062,reservebue@grand-hotels-lux.com,,Registro de Prestadores,"Las Heras, General",1745,"Las Heras, General 1745",-58.391122140126974,-34.59221708354541,POINT (-58.391122140126974 -34.59221708354541)
346,Sileo Hotel,Azcuenaga 1968,4809-0001,reservas@sileohotel.com,,Registro de Prestadores-Boutique,Azcuenaga,1968,Azcuenaga 1968,-58.39473160122191,-34.58709313150042,POINT (-58.39473160122191 -34.58709313150042)
362,Trianon Residence Recoleta,Callao Av. 1869,4819-9300,info@trianon.com.ar,,Apart 1 Estrella,Callao Av.,1869,Callao Av. 1869,-58.3883479895638,-34.5886385832659,POINT (-58.3883479895638 -34.5886385832659)
366,Ulises Recoleta Suites,Ayacucho 2016,4804-4571 / 4572,info@ulisesrecoleta.com.ar,,Apart 2 Estrellas,Ayacucho,2016,Ayacucho 2016,-58.389117894157046,-34.587472073185616,POINT (-58.389117894157046 -34.587472073185616)
372,Urban Suites Recoleta,Junin 1727,4803 2300,ventas@urbanrecoleta.com,,Apart 2 Estrellas,Junin,1727,Junin 1727,-58.39271550385915,-34.58896914879824,POINT (-58.39271550385915 -34.58896914879824)
380,Wilton Hotel,Callao Av. 1162,4811-1818 / 1993,"info@hotelwilton.com.ar,reservas@hotelwilton.com.ar",,4 Estrellas,Callao Av.,1162,Callao Av. 1162,-58.393314999297985,-34.59523263132272,POINT (-58.393314999297985 -34.59523263132272)
2,24 de Noviembre,24 De Noviembre 1057,4931-4661,,,Hospedaje B,24 De Noviembre,1057,24 De Noviembre 1057,-58.410588990968286,-34.62328824207414,POINT (-58.410588990968286 -34.62328824207414)
6,Abasto Hotel Buenos Aires,Corrientes Av. 3190,6311-4433/4466/4465,reservas@abastohotel.com,,5 Estrellas,Corrientes Av.,3190,Corrientes Av. 3190,-58.41017164905983,-34.60408924224185,POINT (-58.41017164905983 -34.60408924224185)
12,Aldeano I,La Rioja 277,4931-2980,aldeano1@hotelaldeano.com.ar,,Hospedaje A,La Rioja,277,La Rioja 277,-58.40870814771763,-34.61364250969133,POINT (-58.40870814771763 -34.61364250969133)
16,Alsina,24 De Noviembre 190,4931-9393,,,Hospedaje A,24 De Noviembre,190,24 De Noviembre 190,-58.41142838596891,-34.612878899885104,POINT (-58.41142838596891 -34.612878899885104)
44,Bahia,"Yrigoyen, Hipolito 3062",4931-7198,info@elhotelbahia.com.ar,,Hospedaje A,"Yrigoyen, Hipolito",3062,"Yrigoyen, Hipolito 3062",-58.409667038821134,-34.61158289431474,POINT (-58.409667038821134 -34.61158289431474)
47,Bet Hotel,Saavedra 526,4942-3399,info@bethotelbuenosaires.com.ar,,Registro de Prestadores,Saavedra,526,Saavedra 526,-58.4027719563826,-34.615773227602645,POINT (-58.4027719563826 -34.615773227602645)
67,Castelli 75,Castelli 75,4952-9003 / 8584,,,1 Estrella,Castelli,75,Castelli 75,-58.40458500116391,-34.6090921904919,POINT (-58.40458500116391 -34.6090921904919)
77,Colonial,24 De Noviembre 229,4931-8800/3104,info@hotelcolonialbaires.com.ar,,Hospedaje A,24 De Noviembre,229,24 De Noviembre 229,-58.411480344326776,-34.613344401681736,POINT (-58.411480344326776 -34.613344401681736)
78,Condor Hotel,La Rioja 258,4932-7626,hotelcondor@hotmail.com,,1 Estrella,La Rioja,258,La Rioja 258,-58.40859480820946,-34.61337546546828,POINT (-58.40859480820946 -34.61337546546828)
99,Egipto,Corrientes Av. 3193,4863-0808,info@hotelegipto.com.ar,,Hospedaje A,Corrientes Av.,3193,Corrientes Av. 3193,-58.41022170863522,-34.603977732062354,POINT (-58.41022170863522 -34.603977732062354)
102,Eleven Palace Hotel,La Rioja 87,4864-5097 al 99,info@hoteleleven.com.ar,,3 Estrellas,La Rioja,87,La Rioja 87,-58.40888170737505,-34.61130736768363,POINT (-58.40888170737505 -34.61130736768363)
108,Esperia,"Urquiza, Gral. 222",4957-3937,consultas@hotelesperia.com.ar,,2 Estrellas,"Urquiza, Gral.",222,"Urquiza, Gral. 222",-58.40996675655511,-34.612973129903345,POINT (-58.40996675655511 -34.612973129903345)
124,Fiorentino Hotel,"Urquiza, Gral. 187",4932-9641 / 4931-1368,mariasambade@hotmail.com.ar,,1 Estrella,"Urquiza, Gral.",187,"Urquiza, Gral. 187",-58.41016626158772,-34.612534771047976,POINT (-58.41016626158772 -34.612534771047976)
127,Galicia,"Yrigoyen, Hipolito 3072",4931-7270,,,Hospedaje A,"Yrigoyen, Hipolito",3072,"Yrigoyen, Hipolito 3072",-58.40980475663471,-34.611592310788104,POINT (-58.40980475663471 -34.611592310788104)
131,Gran Hotel Atlantic,Castelli 45,4951-0081,info@hotelatlantic.com.ar,,2 Estrellas,Castelli,45,Castelli 45,-58.40455719243345,-34.609459750402095,POINT (-58.40455719243345 -34.609459750402095)
143,Guayaquil,Moreno 2718,4957-5097,info@hotelguayaquil.com.ar,,Hospedaje A,Moreno,2718,Moreno 2718,-58.40441587029059,-34.61345456966069,POINT (-58.40441587029059 -34.61345456966069)
146,Hispano Argentino,Catamarca 167,4931-5543 / 4932-3980,contacto@hhispanoargentino.com.ar,,1 Estrella,Catamarca,167,Catamarca 167,-58.407143631712785,-34.61213566439178,POINT (-58.407143631712785 -34.61213566439178)
162,Hotel Hipólito,"Yrigoyen, Hipolito 2940",4957-6476,hotelhipolito@hotmail.com,,Registro de Prestadores,"Yrigoyen, Hipolito",2940,"Yrigoyen, Hipolito 2940",-58.4079126034104,-34.61146291973817,POINT (-58.4079126034104 -34.61146291973817)
168,Hotel N´Ontué,Corrientes Av. 3321,4860 1600,info@nontuehotel.com.ar,,3 Estrellas,Corrientes Av.,3321,Corrientes Av. 3321,-58.41206995576142,-34.60403907331842,POINT (-58.41206995576142 -34.60403907331842)
175,Hotel Quito,"Alsina, Adolfo 2737",4957-5056,info@hotelquito.com.ar,,1 Estrella,"Alsina, Adolfo",2737,"Alsina, Adolfo 2737",-58.40481705375194,-34.612319949186386,POINT (-58.40481705375194 -34.612319949186386)
180,Howard Johnson Abasto By Windham,"Jaures, Jean 892",5292-5100,reservas@hjabasto.com.ar,,Registro de Prestadores,"Jaures, Jean",892,"Jaures, Jean 892",-58.40732691240131,-34.599752143347146,POINT (-58.40732691240131 -34.599752143347146)
216,La Perla Hotel,Jujuy Av. 36,5218-7737 al 40,info@hotellaperla.com.ar,,3 Estrellas,Jujuy Av.,36,Jujuy Av. 36,-58.40587308159253,-34.61052389473001,POINT (-58.40587308159253 -34.61052389473001)
232,Llano,"Yrigoyen, Hipolito 3023",4861-1672,,,1 Estrella,"Yrigoyen, Hipolito",3023,"Yrigoyen, Hipolito 3023",-58.4091546675274,-34.611437582844516,POINT (-58.4091546675274 -34.611437582844516)
235,Los Ángeles,"Yrigoyen, Hipolito 3073",4864-2692,,,Hospedaje B,"Yrigoyen, Hipolito",3073,"Yrigoyen, Hipolito 3073",-58.40984325541553,-34.611484666548364,POINT (-58.40984325541553 -34.611484666548364)
239,Luey,Rivadavia Av. 2902,4862-3873 /4861-0403 /4866-4427,recepción@luey.com.ar,,3 Estrellas,Rivadavia Av.,2902,Rivadavia Av. 2902,-58.40769139222319,-34.61029282689341,POINT (-58.40769139222319 -34.61029282689341)
255,Mexico (Mexico 2944),Mexico 2944,4931-3087,residencial.mexico.hotel@gmail.com,,Hospedaje B,Mexico,2944,Mexico 2944,-58.40718526409954,-34.61806421209794,POINT (-58.40718526409954 -34.61806421209794)
256,Miki,La Rioja 271,4957-1614,,,Hospedaje A,La Rioja,271,La Rioja 271,-58.40871394912168,-34.61356441773342,POINT (-58.40871394912168 -34.61356441773342)
282,Oliden,"Alsina, Adolfo 2597",4951-8729,,,Hospedaje B,"Alsina, Adolfo",2597,"Alsina, Adolfo 2597",-58.403167449097005,-34.6122234736129,POINT (-58.403167449097005 -34.6122234736129)
285,Once,Rivadavia Av. 2962,4861-1666,,,Hospedaje B,Rivadavia Av.,2962,Rivadavia Av. 2962,-58.40821898425142,-34.610335218480586,POINT (-58.40821898425142 -34.610335218480586)
286,Once Plaza,Moreno 2717,4932-5400,info@onceplazahteldos.com.ar,,Hospedaje A,Moreno,2717,Moreno 2717,-58.40442009734216,-34.613344723876935,POINT (-58.40442009734216 -34.613344723876935)
295,Panamerican,Moreno 2754,4942-8807,,,Hospedaje B,Moreno,2754,Moreno 2754,-58.404781329366365,-34.613464182337395,POINT (-58.404781329366365 -34.613464182337395)
307,Posada Gotan B&B,Sanchez De Loria 1618,4912-3807,posadagotan@gmail.com,,Registro de Prestadores,Sanchez De Loria,1618,Sanchez De Loria 1618,-58.41176899370815,-34.62941154673037,POINT (-58.41176899370815 -34.62941154673037)
312,Pueyrredon,Pueyrredon Av. 47,4862-4377,,,Hospedaje B,Pueyrredon Av.,47,Pueyrredon Av. 47,-58.405938423353554,-34.609434534827635,POINT (-58.405938423353554 -34.609434534827635)
332,San Agustin,Pueyrredon Av. 121,4863-2131,hotelsanagustin@ciudad.com.ar,,Hospedaje A,Pueyrredon Av.,121,Pueyrredon Av. 121,-58.40598747618016,-34.60859164738173,POINT (-58.40598747618016 -34.60859164738173)
333,San Andres,San Luis 2921,4961-5346,,,Hospedaje B,San Luis,2921,San Luis 2921,-58.40650777033332,-34.599584942672806,POINT (-58.40650777033332 -34.599584942672806)
334,San Carlos,Moreno 3054,4931-7823,,,Hospedaje A,Moreno,3054,Moreno 3054,-58.40927607607778,-34.61403293717421,POINT (-58.40927607607778 -34.61403293717421)
348,Solana,Ecuador 945,4962-7337,,,Hospedaje B,Ecuador,945,Ecuador 945,-58.405930468416386,-34.598943352328114,POINT (-58.405930468416386 -34.598943352328114)
374,Vesuvio,Rivadavia Av. 2548,4951-4715,,,Hospedaje A,Rivadavia Av.,2548,Rivadavia Av. 2548,-58.402509105334886,-34.60998155873656,POINT (-58.402509105334886 -34.60998155873656)
382,York,"Alsina, Adolfo 2632",4951-8957,,,Hospedaje A,"Alsina, Adolfo",2632,"Alsina, Adolfo 2632",-58.40359387293039,-34.61235859273449,POINT (-58.40359387293039 -34.61235859273449)
8,Adm Ayamitre Hotel,Ayacucho 106,2053-3350,reservas@hotelayamitre.com.ar,,2 Estrellas,Ayacucho,106,Ayacucho 106,-58.395016945149145,-34.60808222146677,POINT (-58.395016945149145 -34.60808222146677)
25,Apart Independencia,Independencia Av. 1877,4384-1102,independencia@luzyfuerzapatagonia.com.ar,,Registro de Prestadores,Independencia Av.,1877,Independencia Av. 1877,-58.39284726931538,-34.618158533768025,POINT (-58.39284726931538 -34.618158533768025)
51,Blanro,Junin 759,4374-2000,reservas@hotelblanro.com.ar,,2 Estrellas,Junin,759,Junin 759,-58.39708997213491,-34.60025591059829,POINT (-58.39708997213491 -34.60025591059829)
60,Capri,Constitucion 1881,4304-0305,,,Hospedaje A,Constitucion,1881,Constitucion 1881,-58.39230278849486,-34.625227982493655,POINT (-58.39230278849486 -34.625227982493655)
79,Confort,Rivadavia Av. 2093,4953-4367,,,Hospedaje B,Rivadavia Av.,2093,Rivadavia Av. 2093,-58.39617372315425,-34.60941894911817,POINT (-58.39617372315425 -34.60941894911817)
92,Del Congreso,"Yrigoyen, Hipolito 2064",4952 7728 / 4952 0385,,,1 Estrella,"Yrigoyen, Hipolito",2064,"Yrigoyen, Hipolito 2064",-58.39569623462091,-34.61062065202173,POINT (-58.39569623462091 -34.61062065202173)
113,Estilo Mb,Callao Av. 164,4374-9112,buenosaires@hotelesestilomb.com.ar,,2 Estrellas,Callao Av.,164,Callao Av. 164,-58.39215558863604,-34.607239482894435,POINT (-58.39215558863604 -34.607239482894435)
116,Europeo,Sarmiento 2010,4953-6384,,,Hospedaje B,Sarmiento,2010,Sarmiento 2010,-58.395297736077666,-34.60592107471387,POINT (-58.395297736077666 -34.60592107471387)
137,Gran Hotel Oriental,"Mitre, Bartolome 1840",4952-3371 / 4951-6427,ghoriental@hotmail.com,,Hospedaje A,"Mitre, Bartolome",1840,"Mitre, Bartolome 1840",-58.39259944422775,-34.60806877873335,POINT (-58.39259944422775 -34.60806877873335)
138,Gran Sarmiento,Sarmiento 1892,4374-8069,hotelgransarmiento@gmail.com,,1 Estrella,Sarmiento,1892,Sarmiento 1892,-58.39353424186248,-34.60580244960123,POINT (-58.39353424186248 -34.60580244960123)
159,Hotel Dos Mundos,Sarmiento 2009,4953-2171,hoteldosmundos@yahoo.com,,Hospedaje A,Sarmiento,2009,Sarmiento 2009,-58.395308604453504,-34.60581154125215,POINT (-58.395308604453504 -34.60581154125215)
169,Hotel Nuevo Camino,"Mitre, Bartolome 1907",4952-6266,,,Registro de Prestadores,"Mitre, Bartolome",1907,"Mitre, Bartolome 1907",-58.39360346129282,-34.608008766928755,POINT (-58.39360346129282 -34.608008766928755)
201,Intersur Suites,Corrientes Av. 1984,5246-1500,reservas@intersursuites.com.ar,,Apart 2 Estrellas,Corrientes Av.,1984,Corrientes Av. 1984,-58.39503042711889,-34.60454393222921,POINT (-58.39503042711889 -34.60454393222921)
226,Leon,Callao Av. 758,4811-5054,hotel-leon@hotmail.com,,Hospedaje A,Callao Av.,758,Callao Av. 758,-58.39293197186878,-34.60014850026471,POINT (-58.39293197186878 -34.60014850026471)
238,Lourdes,Callao Av. 44,4952-3087/3720,lourdeshotel@yahoo.com.ar,,Hospedaje A,Callao Av.,44,Callao Av. 44,-58.392062454827986,-34.60869568473875,POINT (-58.392062454827986 -34.60869568473875)
240,Lyon Hotel By Mh,Riobamba 251,2832 1176,,,3 Estrellas,Riobamba,251,Riobamba 251,-58.39356990156551,-34.60632397385079,POINT (-58.39356990156551 -34.60632397385079)
249,Mayo,"Alsina, Adolfo 2164",4952-7356,,,Hospedaje B,"Alsina, Adolfo",2164,"Alsina, Adolfo 2164",-58.39696025863829,-34.61188960981194,POINT (-58.39696025863829 -34.61188960981194)
254,Mexico (Mexico 2475),Mexico 2475,4942-1713,,,Hospedaje B,Mexico,2475,Mexico 2475,-58.40093693691396,-34.61647499844195,POINT (-58.40093693691396 -34.61647499844195)
280,O2 Hotel Buenos Aires,Junin 357,4953-4455 / 4071,reservas@grupodotia.com,,3 Estrellas,Junin,357,Junin 357,-58.39664378814857,-34.60514213821679,POINT (-58.39664378814857 -34.60514213821679)
287,Orleans,Callao Av. 680,4812-9342,consultas@orleanshotel.com.ar,,Hospedaje A,Callao Av.,680,Callao Av. 680,-58.392800345265655,-34.6010740158611,POINT (-58.392800345265655 -34.6010740158611)
321,Residencia Universitaria Buen Día,Lavalle 2115,4373-1663,,,Registro de Prestadores,Lavalle,2115,Lavalle 2115,-58.39717002914874,-34.603227986831016,POINT (-58.39717002914874 -34.603227986831016)
322,Rey,Combate De Los Pozos 471,4942 8412,info@hotel-rey.com.ar,,Hospedaje B,Combate De Los Pozos,471,Combate De Los Pozos 471,-58.393282993965656,-34.6147034731083,POINT (-58.393282993965656 -34.6147034731083)
339,Sarmiento Palace Hotel,Sarmiento 1953,4953-3420 / 3404 / 5014,info@hotelsarmiento.com.ar,,3 Estrellas,Sarmiento,1953,Sarmiento 1953,-58.39447168189101,-34.605755117371565,POINT (-58.39447168189101 -34.605755117371565)
373,Venezuela,Republica Bolivariana De Venezuela 2135,4942-8734,,,Hospedaje A,Republica Bolivariana De Venezuela,2135,Republica Bolivariana De Venezuela 2135,-58.396734136035334,-34.615244313509145,POINT (-58.396734136035334 -34.615244313509145)
13,Aldeano II,Pasco 136,4951-4102,aldeano2@hotelaldeano.com.ar,,Hospedaje B,Pasco,136,Pasco 136,-58.39738947169473,-34.61110392457984,POINT (-58.39738947169473 -34.61110392457984)
35,Astor,Caseros Av. 896,4307-7117,info@astorhoteles.com.ar,,Hospedaje A,Caseros Av.,896,Caseros Av. 896,-58.37647771475177,-34.62789994273449,POINT (-58.37647771475177 -34.62789994273449)
9,Aires Express,"Mitre, Bartolome 3410",4867-1265 / 4860-0204,hotelairesexpres@gmail.com,,2 Estrellas,"Mitre, Bartolome",3410,"Mitre, Bartolome 3410",-58.41472862969953,-34.60943881778788,POINT (-58.41472862969953 -34.60943881778788)
59,Camaro Palace Hotel,Sarmiento 4239,4867-4798 / 0195,camaroph@hotmail.com,,2 Estrellas,Sarmiento,4239,Sarmiento 4239,-58.42493865115313,-34.60436498493608,POINT (-58.42493865115313 -34.60436498493608)
154,Hotel Aoma,Estados Unidos 4049,4382-5700,reservas@jcv.com.ar,,Registro de Prestadores,Estados Unidos,4049,Estados Unidos 4049,-58.42270115146811,-34.62300993777582,POINT (-58.42270115146811 -34.62300993777582)
156,Hotel Boutique Racó de Buenos Aires,Yapeyu 269,3530 6075,info@racodebuenosaires.com.ar,,Registro de Prestadores-Boutique,Yapeyu,269,Yapeyu 269,-58.42166868158554,-34.61544194729397,POINT (-58.42166868158554 -34.61544194729397)
170,Hotel Osam,Estados Unidos 4037,4902-5983,reservas@jcv.com.ar,,Registro de Prestadores,Estados Unidos,4037,Estados Unidos 4037,-58.4225478397616,-34.62299166532816,POINT (-58.4225478397616 -34.62299166532816)
203,Jade,Sanchez De Bustamante 839,4863-8711,,,Hospedaje A,Sanchez De Bustamante,839,Sanchez De Bustamante 839,-58.413827195251805,-34.60066810287833,POINT (-58.413827195251805 -34.60066810287833)
211,Konke Buenos Aires,Corrientes Av. 4320,5284-8300,reservas@konkehotel.com,,Registro de Prestadores,Corrientes Av.,4320,Corrientes Av. 4320,-58.42595203790569,-34.60273383899061,POINT (-58.42595203790569 -34.60273383899061)
250,Medrano Plaza Hotel,Medrano Av. 874,4864-1631,info@medranoplazahotel.com.ar,,Hospedaje A,Medrano Av.,874,Medrano Av. 874,-58.42055265793297,-34.59980626536642,POINT (-58.42055265793297 -34.59980626536642)
326,Rio Hotel,"Salguero, Jeronimo 218",4983-8837,info@hotelrio.com.ar,,2 Estrellas,"Salguero, Jeronimo",218,"Salguero, Jeronimo 218",-58.42011338815106,-34.608306055784745,POINT (-58.42011338815106 -34.608306055784745)
330,Roma (Francisco Acuña de Figueroa 422),"Acuña De Figueroa, Francisco 422",4862-5993,,,Hospedaje A,"Acuña De Figueroa, Francisco",422,"Acuña De Figueroa, Francisco 422",-58.42288066434736,-34.60570785611524,POINT (-58.42288066434736 -34.60570785611524)
356,Temuco,"Peron, Juan Domingo, Tte. General 4261",4862-3053,,,Hospedaje A,"Peron, Juan Domingo, Tte. General",4261,"Peron, Juan Domingo, Tte. General 4261",-58.427001523801025,-34.605893345903205,POINT (-58.427001523801025 -34.605893345903205)
28,Argenta Suites Belgrano,Ciudad De La Paz 1868,4706-1881,ventas@argenta-suites.com.ar,,Registro de Prestadores,Ciudad De La Paz,1868,Ciudad De La Paz 1868,-58.4558238958585,-34.564855692696675,POINT (-58.4558238958585 -34.564855692696675)
91,De La Rue,"Freire, Ramon, Cap. Gral. 1765",4551-4884 / 4552-4048,info@hoteldelarue.com.ar,,1 Estrella,"Freire, Ramon, Cap. Gral.",1765,"Freire, Ramon, Cap. Gral. 1765",-58.461316599106446,-34.56990463317858,POINT (-58.461316599106446 -34.56990463317858)
167,Hotel Manzanares Plaza,Manzanares 2339,4702-6839,info.manzanares@gmail.com,,1 Estrella,Manzanares,2339,Manzanares 2339,-58.46871557581865,-34.547005447245674,POINT (-58.46871557581865 -34.547005447245674)
171,Hotel Pampa Plaza,La Pampa 777,4789-9561 / 4788-3984/3084,info@hotelpampaplaza.com.ar,,Apart 3 Estrellas,La Pampa,777,La Pampa 777,-58.4372354919857,-34.5547036071124,POINT (-58.4372354919857 -34.5547036071124)
173,Hotel Pedraza,"Pedraza, Manuela 2189",4703-4927,info@hotelpedraza.com.ar,,Registro de Prestadores,"Pedraza, Manuela",2189,"Pedraza, Manuela 2189",-58.46430881168925,-34.550164962762445,POINT (-58.46430881168925 -34.550164962762445)
204,Juramento de Lealtad Townhouse Hotel,Juramento Av. 2666,4782-0158/1946,info@townhousehotel.com.ar,,Registro de Prestadores,Juramento Av.,2666,Juramento Av. 2666,-58.459101808727475,-34.563525719852905,POINT (-58.459101808727475 -34.563525719852905)
206,Ker House Belgrano,Vuelta De Obligado 2727,5277-4600 / 4789-9383,reservasbelgrano@kerhoteles.com.ar,,Apart 2 Estrellas,Vuelta De Obligado,2727,Vuelta De Obligado 2727,-58.46070951565391,-34.55552051138159,POINT (-58.46070951565391 -34.55552051138159)
214,La Cascada Town House Hotel,Vuelta De Obligado 4578,4703-1251,info@lacascadatownhouse.com.ar,,Registro de Prestadores,Vuelta De Obligado,4578,Vuelta De Obligado 4578,-58.47248514989842,-34.54112836967231,POINT (-58.47248514989842 -34.54112836967231)
218,La Santa María,Cramer 618,4551-4166,,,Hospedaje B,Cramer,618,Cramer 618,-58.44624459214123,-34.57402433823842,POINT (-58.44624459214123 -34.57402433823842)
220,Lacroze,"Lacroze, Federico Av. 3236",4552-4445,,,Hospedaje A,"Lacroze, Federico Av.",3236,"Lacroze, Federico Av. 3236",-58.449558248987536,-34.57834428087882,POINT (-58.449558248987536 -34.57834428087882)
222,Las Familias,Cuba 3146,4702-5687,lasfamiliashotel@gmail.com,,Hospedaje A,Cuba,3146,Cuba 3146,-58.46357117979293,-34.55149892747213,POINT (-58.46357117979293 -34.55149892747213)
283,Olleros,Olleros 3146,4552-9975,,,Hospedaje B,Olleros,3146,Olleros 3146,-58.4481818117939,-34.57788233848025,POINT (-58.4481818117939 -34.57788233848025)
340,Sarum Hotel Design,Quesada 2370,4704-0039/0040,info@hotelsarum.com.ar,,3 Estrellas,Quesada,2370,Quesada 2370,-58.46295336969353,-34.554238303599035,POINT (-58.46295336969353 -34.554238303599035)
1,1828 Smart Hotel,Fray Justo Santamaria De Oro 1828,2060-9011,reservas@1828smarthotel.com,,Registro de Prestadores-Boutique,Fray Justo Santamaria De Oro,1828,Fray Justo Santamaria De Oro 1828,-58.43013919967541,-34.58561279526259,POINT (-58.43013919967541 -34.58561279526259)
3,248 Finisterra,Baez 248,4773 0901/ 4776 8777,info@248finisterra.com,,1 Estrella,Baez,248,Baez 248,-58.430659138939276,-34.57241057764107,POINT (-58.430659138939276 -34.57241057764107)
15,Alpino,Cabello 3318,4802-5151,reservas@hotelalpino.com.ar,,3 Estrellas,Cabello,3318,Cabello 3318,-58.40789465180327,-34.58167508519098,POINT (-58.40789465180327 -34.58167508519098)
31,Aries,Gascon 1147,4883-1232/116458-5589/4432-3702,info@arieshotel.com.ar,,Hospedaje A,Gascon,1147,Gascon 1147,-58.42320293209499,-34.59709276755577,POINT (-58.42320293209499 -34.59709276755577)
33,Art Factory Palermo,Costa Rica 4353,2004-4958,info@artfactorypalermo.com.ar,,Registro de Prestadores,Costa Rica,4353,Costa Rica 4353,-58.42352832730784,-34.59046928843979,POINT (-58.42352832730784 -34.59046928843979)
34,Art Factory Soho,Charcas 4500,4774-2639,info@artfactorysoho.com.ar,,Registro de Prestadores,Charcas,4500,Charcas 4500,-58.42489307105743,-34.5824384956003,POINT (-58.42489307105743 -34.5824384956003)
40,Awwa Suites & Spa,Lafinur 3370,3966-0000,info@awwasuites.com,,Registro de Prestadores-Boutique,Lafinur,3370,Lafinur 3370,-58.41206038847808,-34.57678514574476,POINT (-58.41206038847808 -34.57678514574476)
45,Be Hollywood,Humboldt 1716,5555-8100,reservas@behollywood.com,,2 Estrellas,Humboldt,1716,Humboldt 1716,-58.43529616261942,-34.58470858867157,POINT (-58.43529616261942 -34.58470858867157)
46,Be Jardin Escondido By Coppola,Gorriti 4746,4832-8830 / 4834-6166,,,Registro de Prestadores-Boutique,Gorriti,4746,Gorriti 4746,-58.428598646325334,-34.591136851946715,POINT (-58.428598646325334 -34.591136851946715)
56,Bulnes Eco Suites,Bulnes 1905,4829-3300,info@bulneseco.com,,Registro de Prestadores,Bulnes,1905,Bulnes 1905,-58.412628149470066,-34.589271269434164,POINT (-58.412628149470066 -34.589271269434164)
57,Bys Palermo,"Acuña De Figueroa, Francisco 1263",4862 2956,reservas@hotelbys.com.ar,,4 Estrellas,"Acuña De Figueroa, Francisco",1263,"Acuña De Figueroa, Francisco 1263",-58.42155212945222,-34.59692879816524,POINT (-58.42155212945222 -34.59692879816524)
64,Casasur Palermo,Costa Rica 6032,4770-9452,recepcion@casasurpalermo.com,,Registro de Prestadores,Costa Rica,6032,Costa Rica 6032,-58.43917088246334,-34.579227926546174,POINT (-58.43917088246334 -34.579227926546174)
83,Costa Rica,Costa Rica 4137,4864-7390,info@hotelcostarica.com.ar,,Registro de Prestadores-Boutique,Costa Rica,4137,Costa Rica 4137,-58.4212661011418,-34.59153059423021,POINT (-58.4212661011418 -34.59153059423021)
98,Duque Hotel Boutique,Guatemala 4364,4832-0312,reservas@duquehotel.com,,Registro de Prestadores-Boutique,Guatemala,4364,Guatemala 4364,-58.421067899775245,-34.58880118779645,POINT (-58.421067899775245 -34.58880118779645)
121,Feel Apartments,Fray Justo Santamaria De Oro 2047,6368-3109,info@feelbuenosairesapartments.com,,Registro de Prestadores,Fray Justo Santamaria De Oro,2047,Fray Justo Santamaria De Oro 2047,-58.42832155547238,-34.583773260419434,POINT (-58.42832155547238 -34.583773260419434)
123,Fierro Hotel Boutique,Soler 5862,3220-6800,info@fierrohotel.com,,Registro de Prestadores-Boutique,Soler,5862,Soler 5862,-58.43527649803236,-34.57882506041039,POINT (-58.43527649803236 -34.57882506041039)
148,Home Hotel Buenos Aires,Honduras 5860,4778-1008,info@homebuenosaires.com,,Registro de Prestadores-Boutique,Honduras,5860,Honduras 5860,-58.439008480750836,-34.58211618710643,POINT (-58.439008480750836 -34.58211618710643)
190,Ian Hotel,"Vega, Niceto, Cnel. Av. 5832",2188-7000,ventas@hjpalermo.com.ar,,Registro de Prestadores,"Vega, Niceto, Cnel. Av.",5832,"Vega, Niceto, Cnel. Av. 5832",-58.44183630684087,-34.58505123055196,POINT (-58.44183630684087 -34.58505123055196)
194,Ilum Experience Home,El Salvador 5726,4776-8667,ilum@ilumhotel.com,,Registro de Prestadores-Boutique,El Salvador,5726,El Salvador 5726,-58.436715190412635,-34.58235755933898,POINT (-58.436715190412635 -34.58235755933898)
197,Infinito Hotel Eco Design,Arenales 3689,4832-1060 / 2070 2626,info@infinitohotel.com,,Registro de Prestadores,Arenales,3689,Arenales 3689,-58.413919429971,-34.585164197850894,POINT (-58.413919429971 -34.585164197850894)
209,Key'S Hotel,Zapata 315,4778-3233 / 4772 8371,reservas@hotelkeys.com.ar,,1 Estrella,Zapata,315,Zapata 315,-58.44080926142429,-34.57359674844096,POINT (-58.44080926142429 -34.57359674844096)
212,Koten Hotel Palermo Soho,Guemes 4651,4771-3293,info@kotenhotel.com,,Registro de Prestadores,Guemes,4651,Guemes 4651,-58.424108615249274,-34.58117071871652,POINT (-58.424108615249274 -34.58117071871652)
213,Krista Boutique Hotel,Bonpland 1665,4771-4697,info@kristahotel.com.ar,,Registro de Prestadores-Boutique,Bonpland,1665,Bonpland 1665,-58.43761499159182,-34.58366480552015,POINT (-58.43761499159182 -34.58366480552015)
223,Legado Mitico,Gurruchaga 1848,4833-1300,reservasbsas@legadomitico.com,,Registro de Prestadores-Boutique,Gurruchaga,1848,Gurruchaga 1848,-58.42677563046522,-34.587689147421,POINT (-58.42677563046522 -34.587689147421)
227,Let Sun Hotel Boutique,Fitz Roy 1527,4779-1212,info@letsunhotel.com,,Registro de Prestadores-Boutique,Fitz Roy,1527,Fitz Roy 1527,-58.43780697581898,-34.58553994231485,POINT (-58.43780697581898 -34.58553994231485)
228,L´Hotel Palermo,Thames 1562,4831-7198,info@lhotelpalermo.com,,Registro de Prestadores-Boutique,Thames,1562,Thames 1562,-58.431558150532986,-34.58827189232752,POINT (-58.431558150532986 -34.58827189232752)
241,Magistral,"Borges, Jorge Luis 1937",4831-4006,,,Hospedaje B,"Borges, Jorge Luis",1937,"Borges, Jorge Luis 1937",-58.42665938237423,-34.586496889122266,POINT (-58.42665938237423 -34.586496889122266)
242,Magnolia Hotel,"Alvarez, Julian 1746",4867-4900,info@magnoliahotelboutique.com,,Registro de Prestadores-Boutique,"Alvarez, Julian",1746,"Alvarez, Julian 1746",-58.421973341022145,-34.59119104300785,POINT (-58.421973341022145 -34.59119104300785)
244,Malevo Muraña Hostel,Russel 5050,4831-8855,info@malevohostel.com,,Registro de Prestadores,Russel,5050,Russel 5050,-58.42915883946594,-34.5874318129656,POINT (-58.42915883946594 -34.5874318129656)
260,Mine Hotel Boutique,Gorriti 4770,4832-1100,info@minehotel.com,,2 Estrellas,Gorriti,4770,Gorriti 4770,-58.428863800444105,-34.590966529673885,POINT (-58.428863800444105 -34.590966529673885)
264,Miravida Soho,Darregueyra 2050,4774-6433,info@miravidasoho.com,,Registro de Prestadores-Boutique,Darregueyra,2050,Darregueyra 2050,-58.42765242924388,-34.58431072818857,POINT (-58.42765242924388 -34.58431072818857)
288,Own Grand Palermo Soho,Gurruchaga 2121,4831-2027,front@ownhotels.com,,Registro de Prestadores-Boutique,Gurruchaga,2121,Gurruchaga 2121,-58.42418440156056,-34.58614554610667,POINT (-58.42418440156056 -34.58614554610667)
290,Palermo Hotel,Godoy Cruz 2725,4774-7342,reservas@consultoralibertadores.com,,2 Estrellas,Godoy Cruz,2725,Godoy Cruz 2725,-58.42496979436687,-34.57844081679015,POINT (-58.42496979436687 -34.57844081679015)
291,Palermo Suites Buenos Aires Apartments,Fray Justo Santamaria De Oro 2529,5197-5800,reservas@palermosuites.net,,Apart 2 Estrellas,Fray Justo Santamaria De Oro,2529,Fray Justo Santamaria De Oro 2529,-58.42395741467006,-34.57892252744989,POINT (-58.42395741467006 -34.57892252744989)
293,Palo Santo Hotel,Bonpland 2275,5280-6100,info@palosantohotel.com,,Registro de Prestadores-Boutique,Bonpland,2275,Bonpland 2275,-58.43217726714617,-34.57891834660531,POINT (-58.43217726714617 -34.57891834660531)
294,Paname,Godoy Cruz 2774,4771-4041,reservas@panamehotel.com.ar,,2 Estrellas,Godoy Cruz,2774,Godoy Cruz 2774,-58.424661030063696,-34.57792219623561,POINT (-58.424661030063696 -34.57792219623561)
304,Play Hostel Arcos,Charcas 4752,4773-0806,info@hostelsuitespalermo.com,,Registro de Prestadores,Charcas,4752,Charcas 4752,-58.4267103301493,-34.581079554470726,POINT (-58.4267103301493 -34.581079554470726)
305,Play Hostel Soho,Guatemala 4636,4832-4257,info@playhostel.com,,Registro de Prestadores,Guatemala,4636,Guatemala 4636,-58.42397397426539,-34.58679322681063,POINT (-58.42397397426539 -34.58679322681063)
320,Rendez Vous Hotel,Bonpland 1484,3964-5222,info@rendezvoushotel.com.ar,,Registro de Prestadores-Boutique,Bonpland,1484,Bonpland 1484,-58.439441151998146,-34.58509881483707,POINT (-58.439441151998146 -34.58509881483707)
324,Rich,Bulnes 1247,4963-4963,hotelgransarmiento@gmail.com,,Hospedaje A,Bulnes,1247,Bulnes 1247,-58.41707667853811,-34.59727884432327,POINT (-58.41707667853811 -34.59727884432327)
357,The Glu Hotel,Godoy Cruz 1733,4831-4646,info@thegluhotel.com,,Apart 2 Estrellas,Godoy Cruz,1733,Godoy Cruz 1733,-58.43355755197459,-34.587317205284435,POINT (-58.43355755197459 -34.587317205284435)
359,Torre Cristoforo Colombo Suites,Fray Justo Santamaria De Oro 2747,4778-4945,reservas@hotelcc.com.ar,,Apart 1 Estrella,Fray Justo Santamaria De Oro,2747,Fray Justo Santamaria De Oro 2747,-58.421892187462625,-34.5767071956783,POINT (-58.421892187462625 -34.5767071956783)
37,Astur,Avellaneda 371,4982-9515,,,Hospedaje B,Avellaneda,371,Avellaneda 371,-58.4357262159266,-34.613142102687256,POINT (-58.4357262159266 -34.613142102687256)
275,Noemi,Diaz Velez Av. 5075,4982-8201,,,Hospedaje B,Diaz Velez Av.,5075,Diaz Velez Av. 5075,-58.438342880362775,-34.608740360493734,POINT (-58.438342880362775 -34.608740360493734)
302,Pinot,Diaz Velez Av. 5069,4962-2747,,,Hospedaje B,Diaz Velez Av.,5069,Diaz Velez Av. 5069,-58.43826209037129,-34.608740065063486,POINT (-58.43826209037129 -34.608740065063486)
85,Culpina,Culpina 553,4611-0573,,,Hospedaje B,Culpina,553,Culpina 553,-58.4640878706318,-34.636508649641385,POINT (-58.4640878706318 -34.636508649641385)
165,Hotel La Paz,Estado Plurinacional De Bolivia 561,4613-9032,,,Registro de Prestadores,Estado Plurinacional De Bolivia,561,Estado Plurinacional De Bolivia 561,-58.46777941372025,-34.62436029762004,POINT (-58.46777941372025 -34.62436029762004)
313,Real Splendid,"Falcon, Ramon L.,Cnel. 2799",4611-4610,,,2 Estrellas,"Falcon, Ramon L.,Cnel.",2799,"Falcon, Ramon L.,Cnel. 2799",-58.46767455784717,-34.63168085791931,POINT (-58.46767455784717 -34.63168085791931)
335,San Julián,"Aranguren, Juan F., Dr. 2528",4611-8607,,,Hospedaje A,"Aranguren, Juan F., Dr.",2528,"Aranguren, Juan F., Dr. 2528",-58.46702393553647,-34.6237003999212,POINT (-58.46702393553647 -34.6237003999212)
336,San Remo,Directorio Av. 2449,4612-9751,info@sanremoflores.com,,Hospedaje B,Directorio Av.,2449,Directorio Av. 2449,-58.46146854337292,-34.63365782843615,POINT (-58.46146854337292 -34.63365782843615)
338,Santa Cruz,Bogota 2858,4611-2133,,,Hospedaje B,Bogota,2858,Bogota 2858,-58.470510515225605,-34.62729474082646,POINT (-58.470510515225605 -34.62729474082646)
350,Soutullo,Bogota 2519,4612-9406,,,Hospedaje A,Bogota,2519,Bogota 2519,-58.465972287771336,-34.62574290495064,POINT (-58.465972287771336 -34.62574290495064)
105,Ensenada,Ensenada 134,4672-2547,,,Hospedaje B,Ensenada,134,Ensenada 134,-58.47809705474819,-34.63473632914955,POINT (-58.47809705474819 -34.63473632914955)
247,Mary Sil,Estado Plurinacional De Bolivia 1151,4581-9005,,,Hospedaje B,Estado Plurinacional De Bolivia,1151,Estado Plurinacional De Bolivia 1151,-58.470691834901174,-34.61789233545972,POINT (-58.470691834901174 -34.61789233545972)
266,Nazarre,Nazarre 3150,4501-2019,,,Hospedaje B,Nazarre,3150,Nazarre 3150,-58.49417768758132,-34.60202974528739,POINT (-58.49417768758132 -34.60202974528739)
208,Ker Urban Urquiza,Diaz Colodrero 2513,5353-9232 / 9233,reservasurquiza@kerhoteles.com.ar,,Apart 2 Estrellas,Diaz Colodrero,2513,Diaz Colodrero 2513,-58.48615840855695,-34.572875848845946,POINT (-58.48615840855695 -34.572875848845946)
231,Litoral,Corrientes Av. 6891,4554-5493,,,Hospedaje A,Corrientes Av.,6891,Corrientes Av. 6891,-58.454961878234734,-34.586980414431906,POINT (-58.454961878234734 -34.586980414431906)
296,Paris,"Alvarez, Donato, Tte. Gral. Av. 2141",4581-0400,,,Hospedaje A,"Alvarez, Donato, Tte. Gral. Av.",2141,"Alvarez, Donato, Tte. Gral. Av. 2141",-58.465008228890206,-34.60235417858954,POINT (-58.465008228890206 -34.60235417858954)
360,Torre Hotel,Olleros 4186,4552-6034/6126,info@torre-hotel.com.ar,,3 Estrellas,Olleros,4186,Olleros 4186,-58.453762229235075,-34.587337526312545,POINT (-58.453762229235075 -34.587337526312545)
